

1 of 7,598
SRFP 2026 — Yogya Ahuja, IIT Dharwad | Reporting Today
External
Inbox

Yogya Ahuja
May 13, 2026, 8:52 AM
Dear Prof. Kumar, I am Yogya Ahuja, a second-year B.Tech student in Mathematics and Computing from IIT Dharwad. I have been assigned to you as my faculty superv
11

csz238003
Attachments
Jun 17, 2026, 4:05 PM (2 days ago)
are you able to send input window to model at runtime & get back the output to feed it to device?? PFA GeomagicDriver code to record and move the virtual tool f

csz238003 <csz238003@iitd.ac.in>
Attachments
4:55 PM (11 minutes ago)
to me



PFA:

all obj in the build directory.
 5 Attachments
  •  Scanned by Gmail



# Blender 3.5.1
# www.blender.org
mtllib tool1.mtl
o Cylinder
v -0.126191 -0.560344 7.318104
v -0.126191 -0.559138 -6.560790
v -0.023063 -0.550186 7.318016
v -0.023063 -0.548981 -6.560877
v 0.076102 -0.520105 7.317756
v 0.076102 -0.518900 -6.561138
v 0.167492 -0.471256 7.317332
v 0.167492 -0.470051 -6.561562
v 0.247597 -0.405516 7.316763
v 0.247597 -0.404311 -6.562130
v 0.313337 -0.325411 7.316069
v 0.313337 -0.324206 -6.562825
v 0.362186 -0.234021 7.315277
v 0.362186 -0.232815 -6.563617
v 0.392267 -0.134856 7.314418
v 0.392267 -0.133651 -6.564476
v 0.402424 -0.031728 7.313524
v 0.402424 -0.030523 -6.565370
v 0.392267 0.071399 7.312630
v 0.392267 0.072605 -6.566263
v 0.362186 0.170564 7.311771
v 0.362186 0.171769 -6.567122
v 0.313337 0.261955 7.310979
v 0.313337 0.263160 -6.567914
v 0.247597 0.342059 7.310285
v 0.247597 0.343264 -6.568608
v 0.167492 0.407799 7.309716
v 0.167492 0.409004 -6.569177
v 0.076102 0.456648 7.309293
v 0.076102 0.457854 -6.569601
v -0.023063 0.486730 7.309032
v -0.023063 0.487935 -6.569861
v -0.126191 0.496887 7.308944
v -0.126191 0.498092 -6.569949
v -0.229318 0.486730 7.309032
v -0.229318 0.487935 -6.569861
v -0.328483 0.456648 7.309293
v -0.328483 0.457854 -6.569601
v -0.419873 0.407799 7.309716
v -0.419873 0.409004 -6.569177
v -0.499978 0.342059 7.310285
v -0.499978 0.343264 -6.568608
v -0.565718 0.261955 7.310979
v -0.565718 0.263160 -6.567914
v -0.614567 0.170564 7.311771
v -0.614567 0.171769 -6.567122
v -0.644648 0.071399 7.312630
v -0.644648 0.072605 -6.566263
v -0.654805 -0.031728 7.313524
v -0.654805 -0.030523 -6.565370
v -0.644648 -0.134856 7.314418
v -0.644648 -0.133651 -6.564476
v -0.614567 -0.234021 7.315277
v -0.614567 -0.232815 -6.563617
v -0.565718 -0.325411 7.316069
v -0.565718 -0.324206 -6.562825
v -0.499978 -0.405516 7.316763
v -0.499978 -0.404311 -6.562130
v -0.419873 -0.471256 7.317332
v -0.419873 -0.470051 -6.561562
v -0.328483 -0.520105 7.317756
v -0.328483 -0.518900 -6.561138
v -0.229318 -0.550186 7.318016
v -0.229318 -0.548981 -6.560877
v -0.074627 -0.555265 7.318060
v -0.074627 -0.554060 -6.560834
v -0.126191 -0.559741 0.378657
v -0.023063 -0.549584 0.378569
v 0.026519 -0.535146 7.317886
v 0.026519 -0.533941 -6.561007
v 0.076102 -0.519503 0.378309
v 0.121797 -0.495681 7.317544
v 0.121797 -0.494475 -6.561349
v 0.167492 -0.470653 0.377885
v 0.207544 -0.438386 7.317048
v 0.207544 -0.437181 -6.561846
v 0.247597 -0.404913 0.377316
v 0.280467 -0.365464 7.316416
v 0.280467 -0.364258 -6.562478
v 0.313337 -0.324809 0.376622
v 0.337761 -0.279716 7.315673
v 0.337761 -0.278511 -6.563221
v 0.362186 -0.233418 0.375830
v 0.377226 -0.184438 7.314847
v 0.377226 -0.183233 -6.564046
v 0.392267 -0.134253 0.374971
v 0.397346 -0.083292 7.313971
v 0.397346 -0.082087 -6.564923
v 0.402424 -0.031126 0.374077
v 0.397346 0.019836 7.313077
v 0.397346 0.021041 -6.565816
v 0.392267 0.072002 0.373184
v 0.377226 0.120982 7.312201
v 0.377226 0.122187 -6.566693
v 0.362186 0.171167 0.372325
v 0.337761 0.216259 7.311375
v 0.337761 0.217464 -6.567518
v 0.313337 0.262557 0.371533
v 0.280467 0.302007 7.310632
v 0.280467 0.303212 -6.568261
v 0.247597 0.342662 0.370839
v 0.207544 0.374929 7.310000
v 0.207544 0.376134 -6.568893
v 0.167492 0.408402 0.370269
v 0.121797 0.432224 7.309504
v 0.121797 0.433429 -6.569389
v 0.076102 0.457251 0.369846
v 0.026519 0.471689 7.309162
v 0.026519 0.472894 -6.569731
v -0.023063 0.487332 0.369585
v -0.074627 0.491808 7.308989
v -0.074627 0.493014 -6.569905
v -0.126191 0.497490 0.369497
v -0.177754 0.491808 7.308989
v -0.177754 0.493014 -6.569905
v -0.229318 0.487332 0.369585
v -0.278900 0.471689 7.309162
v -0.278900 0.472894 -6.569731
v -0.328483 0.457251 0.369846
v -0.374178 0.432224 7.309504
v -0.374178 0.433429 -6.569389
v -0.419873 0.408402 0.370269
v -0.459925 0.374929 7.310000
v -0.459925 0.376134 -6.568893
v -0.499978 0.342662 0.370839
v -0.532848 0.302007 7.310632
v -0.532848 0.303212 -6.568261
v -0.565718 0.262557 0.371533
v -0.590142 0.216259 7.311375
v -0.590142 0.217464 -6.567518
v -0.614567 0.171167 0.372325
v -0.629607 0.120982 7.312201
v -0.629607 0.122187 -6.566693
v -0.644648 0.072002 0.373184
v -0.649727 0.019836 7.313077
v -0.649727 0.021041 -6.565816
v -0.654805 -0.031126 0.374077
v -0.649727 -0.083292 7.313971
v -0.649727 -0.082087 -6.564923
v -0.644648 -0.134253 0.374971
v -0.629607 -0.184438 7.314847
v -0.629607 -0.183233 -6.564046
v -0.614567 -0.233418 0.375830
v -0.590142 -0.279716 7.315673
v -0.590142 -0.278511 -6.563221
v -0.565718 -0.324809 0.376622
v -0.532848 -0.365464 7.316416
v -0.532848 -0.364258 -6.562478
v -0.499978 -0.404913 0.377316
v -0.459925 -0.438386 7.317048
v -0.459925 -0.437181 -6.561846
v -0.419873 -0.470653 0.377885
v -0.374178 -0.495681 7.317544
v -0.374178 -0.494475 -6.561349
v -0.328483 -0.519503 0.378309
v -0.278900 -0.535146 7.317886
v -0.278900 -0.533941 -6.561007
v -0.229318 -0.549584 0.378569
v -0.177754 -0.555265 7.318060
v -0.177754 -0.554060 -6.560834
v -0.177754 -0.554662 0.378613
v -0.278900 -0.534543 0.378439
v -0.374178 -0.495078 0.378097
v -0.459925 -0.437783 0.377601
v -0.532848 -0.364861 0.376969
v -0.590142 -0.279113 0.376226
v -0.629607 -0.183836 0.375401
v -0.649727 -0.082690 0.374524
v -0.649727 0.020438 0.373630
v -0.629607 0.121584 0.372754
v -0.590142 0.216862 0.371929
v -0.532848 0.302609 0.371186
v -0.459925 0.375532 0.370554
v -0.374178 0.432826 0.370058
v -0.278900 0.472292 0.369715
v -0.177754 0.492411 0.369541
v -0.074627 0.492411 0.369541
v 0.026519 0.472292 0.369715
v 0.121797 0.432826 0.370058
v 0.207544 0.375532 0.370554
v 0.280467 0.302609 0.371186
v 0.337761 0.216862 0.371929
v 0.377226 0.121584 0.372754
v 0.397346 0.020438 0.373630
v 0.397346 -0.082690 0.374524
v 0.377226 -0.183836 0.375401
v 0.337761 -0.279113 0.376226
v 0.280467 -0.364861 0.376969
v 0.207544 -0.437783 0.377601
v 0.121797 -0.495078 0.378097
v 0.026519 -0.534543 0.378439
v -0.074627 -0.554662 0.378613
v -0.048845 -0.552726 7.318038
v -0.100409 -0.556599 -6.560812
v -0.126191 -0.559440 -3.091066
v -0.023063 -0.549885 3.848293
v 0.051310 -0.527625 7.317821
v 0.001728 -0.541461 -6.560943
v 0.076102 -0.519804 3.848032
v 0.144644 -0.483468 7.317438
v 0.098949 -0.506688 -6.561244
v 0.167492 -0.470955 3.847609
v 0.227570 -0.421951 7.316905
v 0.187518 -0.453616 -6.561704
v 0.247597 -0.405214 3.847039
v 0.296902 -0.345437 7.316242
v 0.264032 -0.384284 -6.562304
v 0.313337 -0.325110 3.846345
v 0.349973 -0.256868 7.315475
v 0.325549 -0.301358 -6.563023
v 0.362186 -0.233719 3.845554
v 0.384747 -0.159647 7.314633
v 0.369706 -0.208024 -6.563832
v 0.392267 -0.134555 3.844694
v 0.399885 -0.057510 7.313747
v 0.394806 -0.107869 -6.564699
v 0.402424 -0.031427 3.843801
v 0.394806 0.045617 7.312853
v 0.399885 -0.004741 -6.565593
v 0.392267 0.071701 3.842907
v 0.369706 0.145773 7.311986
v 0.384747 0.097396 -6.566478
v 0.362186 0.170865 3.842048
v 0.325549 0.239107 7.311177
v 0.349973 0.194617 -6.567320
v 0.313337 0.262256 3.841256
v 0.264032 0.322033 7.310459
v 0.296902 0.283186 -6.568088
v 0.247597 0.342360 3.840562
v 0.187518 0.391364 7.309858
v 0.227570 0.359699 -6.568750
v 0.167492 0.408100 3.839993
v 0.098949 0.444436 7.309399
v 0.144644 0.421217 -6.569283
v 0.076102 0.456950 3.839569
v 0.001728 0.479209 7.309097
v 0.051310 0.465374 -6.569666
v -0.023063 0.487031 3.839309
v -0.100409 0.494348 7.308966
v -0.048845 0.490474 -6.569884
v -0.126191 0.497188 3.839221
v -0.203536 0.489269 7.309010
v -0.151972 0.495553 -6.569928
v -0.229318 0.487031 3.839309
v -0.303692 0.464169 7.309227
v -0.254109 0.480415 -6.569796
v -0.328483 0.456950 3.839569
v -0.397026 0.420012 7.309610
v -0.351330 0.445641 -6.569495
v -0.419873 0.408100 3.839993
v -0.479951 0.358494 7.310143
v -0.439899 0.392569 -6.569036
v -0.499978 0.342360 3.840562
v -0.549283 0.281981 7.310806
v -0.516413 0.323238 -6.568435
v -0.565718 0.262256 3.841256
v -0.602355 0.193412 7.311573
v -0.577930 0.240312 -6.567716
v -0.614567 0.170865 3.842048
v -0.637128 0.096191 7.312415
v -0.622087 0.146978 -6.566907
v -0.644648 0.071701 3.842907
v -0.652266 -0.005946 7.313301
v -0.647187 0.046823 -6.566040
v -0.654805 -0.031427 3.843801
v -0.647187 -0.109074 7.314195
v -0.652266 -0.056305 -6.565146
v -0.644648 -0.134555 3.844694
v -0.622087 -0.209230 7.315062
v -0.637128 -0.158442 -6.564260
v -0.614567 -0.233719 3.845554
v -0.577930 -0.302564 7.315871
v -0.602355 -0.255663 -6.563418
v -0.565718 -0.325110 3.846345
v -0.516413 -0.385490 7.316589
v -0.549283 -0.344232 -6.562651
v -0.499978 -0.405214 3.847039
v -0.439899 -0.454821 7.317190
v -0.479951 -0.420746 -6.561988
v -0.419873 -0.470955 3.847609
v -0.351330 -0.507893 7.317649
v -0.397026 -0.482263 -6.561456
v -0.328483 -0.519804 3.848032
v -0.254109 -0.542666 7.317951
v -0.303692 -0.526420 -6.561073
v -0.229318 -0.549885 3.848293
v -0.151972 -0.557804 7.318082
v -0.203536 -0.551521 -6.560855
v -0.100409 -0.557804 7.318082
v -0.048845 -0.551521 -6.560855
v -0.126191 -0.560042 3.848381
v -0.023063 -0.549283 -3.091154
v 0.001728 -0.542666 7.317951
v 0.051310 -0.526420 -6.561073
v 0.076102 -0.519201 -3.091414
v 0.098949 -0.507893 7.317649
v 0.144644 -0.482263 -6.561456
v 0.167492 -0.470352 -3.091838
v 0.187518 -0.454821 7.317190
v 0.227570 -0.420746 -6.561988
v 0.247597 -0.404612 -3.092407
v 0.264032 -0.385490 7.316589
v 0.296902 -0.344232 -6.562651
v 0.313337 -0.324507 -3.093102
v 0.325549 -0.302564 7.315871
v 0.349973 -0.255663 -6.563418
v 0.362186 -0.233117 -3.093893
v 0.369706 -0.209230 7.315062
v 0.384747 -0.158442 -6.564260
v 0.392267 -0.133952 -3.094752
v 0.394806 -0.109074 7.314195
v 0.399885 -0.056305 -6.565146
v 0.402424 -0.030824 -3.095646
v 0.399885 -0.005946 7.313301
v 0.394806 0.046823 -6.566040
v 0.392267 0.072303 -3.096540
v 0.384747 0.096191 7.312415
v 0.369706 0.146978 -6.566907
v 0.362186 0.171468 -3.097399
v 0.349973 0.193412 7.311573
v 0.325549 0.240312 -6.567716
v 0.313337 0.262858 -3.098191
v 0.296902 0.281981 7.310806
v 0.264032 0.323238 -6.568435
v 0.247597 0.342963 -3.098885
v 0.227570 0.358494 7.310143
v 0.187518 0.392569 -6.569036
v 0.167492 0.408703 -3.099454
v 0.144644 0.420012 7.309610
v 0.098949 0.445641 -6.569495
v 0.076102 0.457552 -3.099878
v 0.051310 0.464169 7.309227
v 0.001728 0.480415 -6.569796
v -0.023063 0.487634 -3.100138
v -0.048845 0.489269 7.309010
v -0.100409 0.495553 -6.569928
v -0.126191 0.497791 -3.100226
v -0.151972 0.494348 7.308966
v -0.203536 0.490474 -6.569884
v -0.229318 0.487634 -3.100138
v -0.254109 0.479209 7.309097
v -0.303692 0.465374 -6.569666
v -0.328483 0.457552 -3.099878
v -0.351330 0.444436 7.309399
v -0.397026 0.421217 -6.569283
v -0.419873 0.408703 -3.099454
v -0.439899 0.391364 7.309858
v -0.479951 0.359699 -6.568750
v -0.499978 0.342963 -3.098885
v -0.516413 0.322033 7.310459
v -0.549283 0.283186 -6.568088
v -0.565718 0.262858 -3.098191
v -0.577930 0.239107 7.311177
v -0.602355 0.194617 -6.567320
v -0.614567 0.171468 -3.097399
v -0.622087 0.145773 7.311986
v -0.637128 0.097396 -6.566478
v -0.644648 0.072303 -3.096540
v -0.647187 0.045617 7.312853
v -0.652266 -0.004741 -6.565593
v -0.654805 -0.030824 -3.095646
v -0.652266 -0.057510 7.313747
v -0.647187 -0.107869 -6.564699
v -0.644648 -0.133952 -3.094752
v -0.637128 -0.159647 7.314633
v -0.622087 -0.208024 -6.563832
v -0.614567 -0.233117 -3.093893
v -0.602355 -0.256868 7.315475
v -0.577930 -0.301358 -6.563023
v -0.565718 -0.324507 -3.093102
v -0.549283 -0.345437 7.316242
v -0.516413 -0.384284 -6.562304
v -0.499978 -0.404612 -3.092407
v -0.479951 -0.421951 7.316905
v -0.439899 -0.453616 -6.561704
v -0.419873 -0.470352 -3.091838
v -0.397026 -0.483468 7.317438
v -0.351330 -0.506688 -6.561244
v -0.328483 -0.519201 -3.091414
v -0.303692 -0.527625 7.317821
v -0.254109 -0.541461 -6.560943
v -0.229318 -0.549283 -3.091154
v -0.203536 -0.552726 7.318038
v -0.151972 -0.556599 -6.560812
v -0.151972 -0.557202 0.378635
v -0.203536 -0.552123 0.378591
v -0.177754 -0.554964 3.848337
v -0.177754 -0.554361 -3.091110
v -0.254109 -0.542063 0.378504
v -0.303692 -0.527023 0.378374
v -0.278900 -0.534845 3.848162
v -0.278900 -0.534242 -3.091284
v -0.351330 -0.507290 0.378203
v -0.397026 -0.482866 0.377991
v -0.374178 -0.495379 3.847821
v -0.374178 -0.494777 -3.091626
v -0.439899 -0.454218 0.377743
v -0.479951 -0.421348 0.377458
v -0.459925 -0.438085 3.847324
v -0.459925 -0.437482 -3.092123
v -0.516413 -0.384887 0.377142
v -0.549283 -0.344835 0.376795
v -0.532848 -0.365162 3.846692
v -0.532848 -0.364560 -3.092754
v -0.577930 -0.301961 0.376424
v -0.602355 -0.256266 0.376028
v -0.590142 -0.279415 3.845949
v -0.590142 -0.278812 -3.093497
v -0.622087 -0.208627 0.375615
v -0.637128 -0.159045 0.375186
v -0.629607 -0.184137 3.845124
v -0.629607 -0.183534 -3.094323
v -0.647187 -0.108472 0.374748
v -0.652266 -0.056908 0.374301
v -0.649727 -0.082991 3.844248
v -0.649727 -0.082388 -3.095199
v -0.652266 -0.005344 0.373854
v -0.647187 0.046220 0.373407
v -0.649727 0.020137 3.843354
v -0.649727 0.020739 -3.096093
v -0.637128 0.096793 0.372969
v -0.622087 0.146375 0.372539
v -0.629607 0.121283 3.842478
v -0.629607 0.121886 -3.096969
v -0.602355 0.194014 0.372127
v -0.577930 0.239710 0.371731
v -0.590142 0.216561 3.841652
v -0.590142 0.217163 -3.097795
v -0.549283 0.282583 0.371359
v -0.516413 0.322636 0.371012
v -0.532848 0.302308 3.840909
v -0.532848 0.302911 -3.098538
v -0.479951 0.359097 0.370696
v -0.439899 0.391967 0.370412
v -0.459925 0.375230 3.840277
v -0.459925 0.375833 -3.099169
v -0.397026 0.420614 0.370163
v -0.351330 0.445039 0.369952
v -0.374178 0.432525 3.839781
v -0.374178 0.433128 -3.099666
v -0.303692 0.464771 0.369781
v -0.254109 0.479812 0.369650
v -0.278900 0.471990 3.839439
v -0.278900 0.472593 -3.100008
v -0.203536 0.489872 0.369563
v -0.151972 0.494950 0.369519
v -0.177754 0.492110 3.839265
v -0.177754 0.492712 -3.100182
v -0.100409 0.494950 0.369519
v -0.048845 0.489872 0.369563
v -0.074627 0.492110 3.839265
v -0.074627 0.492712 -3.100182
v 0.001728 0.479812 0.369650
v 0.051310 0.464771 0.369781
v 0.026519 0.471990 3.839439
v 0.026519 0.472593 -3.100008
v 0.098949 0.445039 0.369952
v 0.144644 0.420614 0.370163
v 0.121797 0.432525 3.839781
v 0.121797 0.433128 -3.099666
v 0.187518 0.391967 0.370412
v 0.227570 0.359097 0.370696
v 0.207544 0.375230 3.840277
v 0.207544 0.375833 -3.099169
v 0.264032 0.322636 0.371012
v 0.296902 0.282583 0.371359
v 0.280467 0.302308 3.840909
v 0.280467 0.302911 -3.098538
v 0.325549 0.239710 0.371731
v 0.349973 0.194014 0.372127
v 0.337761 0.216561 3.841652
v 0.337761 0.217163 -3.097795
v 0.369706 0.146375 0.372539
v 0.384747 0.096793 0.372969
v 0.377226 0.121283 3.842478
v 0.377226 0.121886 -3.096969
v 0.394806 0.046220 0.373407
v 0.399885 -0.005344 0.373854
v 0.397346 0.020137 3.843354
v 0.397346 0.020739 -3.096093
v 0.399885 -0.056908 0.374301
v 0.394806 -0.108472 0.374748
v 0.397346 -0.082991 3.844248
v 0.397346 -0.082388 -3.095199
v 0.384747 -0.159045 0.375186
v 0.369706 -0.208627 0.375615
v 0.377226 -0.184137 3.845124
v 0.377226 -0.183534 -3.094323
v 0.349973 -0.256266 0.376028
v 0.325549 -0.301961 0.376424
v 0.337761 -0.279415 3.845949
v 0.337761 -0.278812 -3.093497
v 0.296902 -0.344835 0.376795
v 0.264032 -0.384887 0.377142
v 0.280467 -0.365162 3.846692
v 0.280467 -0.364560 -3.092754
v 0.227570 -0.421348 0.377458
v 0.187518 -0.454218 0.377743
v 0.207544 -0.438085 3.847324
v 0.207544 -0.437482 -3.092123
v 0.144644 -0.482866 0.377991
v 0.098949 -0.507290 0.378203
v 0.121797 -0.495379 3.847821
v 0.121797 -0.494777 -3.091626
v 0.051310 -0.527023 0.378374
v 0.001728 -0.542063 0.378504
v 0.026519 -0.534845 3.848162
v 0.026519 -0.534242 -3.091284
v -0.048845 -0.552123 0.378591
v -0.100409 -0.557202 0.378635
v -0.074627 -0.554964 3.848337
v -0.074627 -0.554361 -3.091110
v -0.100409 -0.556901 -3.091088
v -0.100409 -0.557503 3.848359
v -0.048845 -0.552424 3.848315
v 0.001728 -0.541762 -3.091219
v 0.001728 -0.542365 3.848228
v 0.051310 -0.527324 3.848097
v 0.098949 -0.506989 -3.091520
v 0.098949 -0.507591 3.847926
v 0.144644 -0.483167 3.847714
v 0.187518 -0.453917 -3.091980
v 0.187518 -0.454520 3.847466
v 0.227570 -0.421650 3.847182
v 0.264032 -0.384586 -3.092581
v 0.264032 -0.385188 3.846866
v 0.296902 -0.345136 3.846519
v 0.325549 -0.301660 -3.093299
v 0.325549 -0.302262 3.846148
v 0.349973 -0.256567 3.845751
v 0.369706 -0.208326 -3.094108
v 0.369706 -0.208928 3.845339
v 0.384747 -0.159346 3.844909
v 0.394806 -0.108170 -3.094976
v 0.394806 -0.108773 3.844471
v 0.399885 -0.057209 3.844024
v 0.399885 -0.005043 -3.095870
v 0.399885 -0.005645 3.843577
v 0.394806 0.045919 3.843131
v 0.384747 0.097094 -3.096754
v 0.384747 0.096492 3.842692
v 0.369706 0.146074 3.842263
v 0.349973 0.194315 -3.097597
v 0.349973 0.193713 3.841850
v 0.325549 0.239408 3.841454
v 0.296902 0.282885 -3.098364
v 0.296902 0.282282 3.841083
v 0.264032 0.322334 3.840735
v 0.227570 0.359398 -3.099027
v 0.227570 0.358795 3.840420
v 0.187518 0.391665 3.840135
v 0.144644 0.420915 -3.099560
v 0.144644 0.420313 3.839887
v 0.098949 0.444737 3.839675
v 0.051310 0.465073 -3.099943
v 0.051310 0.464470 3.839504
v 0.001728 0.479511 3.839374
v -0.048845 0.490173 -3.100160
v -0.048845 0.489570 3.839287
v -0.100409 0.494649 3.839243
v -0.151972 0.495252 -3.100204
v -0.151972 0.494649 3.839243
v -0.203536 0.489570 3.839287
v -0.254109 0.480113 -3.100073
v -0.254109 0.479511 3.839374
v -0.303692 0.464470 3.839504
v -0.351330 0.445340 -3.099772
v -0.351330 0.444737 3.839675
v -0.397026 0.420313 3.839887
v -0.439899 0.392268 -3.099312
v -0.439899 0.391665 3.840135
v -0.479951 0.358795 3.840420
v -0.516413 0.322937 -3.098711
v -0.516413 0.322334 3.840735
v -0.549283 0.282282 3.841083
v -0.577930 0.240011 -3.097993
v -0.577930 0.239408 3.841454
v -0.602355 0.193713 3.841850
v -0.622087 0.146677 -3.097184
v -0.622087 0.146074 3.842263
v -0.637128 0.096492 3.842692
v -0.647187 0.046521 -3.096316
v -0.647187 0.045919 3.843131
v -0.652266 -0.005645 3.843577
v -0.652266 -0.056606 -3.095423
v -0.652266 -0.057209 3.844024
v -0.647187 -0.108773 3.844471
v -0.637128 -0.158743 -3.094537
v -0.637128 -0.159346 3.844909
v -0.622087 -0.208928 3.845339
v -0.602355 -0.255964 -3.093695
v -0.602355 -0.256567 3.845751
v -0.577930 -0.302262 3.846148
v -0.549283 -0.344534 -3.092928
v -0.549283 -0.345136 3.846519
v -0.516413 -0.385188 3.846866
v -0.479951 -0.421047 -3.092265
v -0.479951 -0.421650 3.847182
v -0.439899 -0.454520 3.847466
v -0.397026 -0.482564 -3.091732
v -0.397026 -0.483167 3.847714
v -0.351330 -0.507591 3.847926
v -0.303692 -0.526722 -3.091349
v -0.303692 -0.527324 3.848097
v -0.254109 -0.542365 3.848228
v -0.203536 -0.551822 -3.091132
v -0.203536 -0.552424 3.848315
v -0.151972 -0.557503 3.848359
v -0.151972 -0.556901 -3.091088
v -0.254109 -0.541762 -3.091219
v -0.351330 -0.506989 -3.091520
v -0.439899 -0.453917 -3.091980
v -0.516413 -0.384586 -3.092581
v -0.577930 -0.301660 -3.093299
v -0.622087 -0.208326 -3.094108
v -0.647187 -0.108170 -3.094976
v -0.652266 -0.005043 -3.095870
v -0.637128 0.097094 -3.096754
v -0.602355 0.194315 -3.097597
v -0.549283 0.282885 -3.098364
v -0.479951 0.359398 -3.099027
v -0.397026 0.420915 -3.099560
v -0.303692 0.465073 -3.099943
v -0.203536 0.490173 -3.100160
v -0.100409 0.495252 -3.100204
v 0.001728 0.480113 -3.100073
v 0.098949 0.445340 -3.099772
v 0.187518 0.392268 -3.099312
v 0.264032 0.322937 -3.098711
v 0.325549 0.240011 -3.097993
v 0.369706 0.146677 -3.097184
v 0.394806 0.046521 -3.096316
v 0.399885 -0.056606 -3.095423
v 0.384747 -0.158743 -3.094537
v 0.349973 -0.255964 -3.093695
v 0.296902 -0.344534 -3.092928
v 0.227570 -0.421047 -3.092265
v 0.144644 -0.482564 -3.091732
v 0.051310 -0.526722 -3.091349
v -0.048845 -0.551822 -3.091132
vn 0.0980 -0.9952 -0.0001
vn 0.2903 -0.9569 -0.0001
vn 0.4714 -0.8819 -0.0001
vn 0.6344 -0.7730 -0.0001
vn 0.7730 -0.6344 -0.0001
vn 0.8819 -0.4714 -0.0000
vn 0.9569 -0.2903 -0.0000
vn 0.9952 -0.0980 -0.0000
vn 0.9952 0.0980 -0.0000
vn 0.9569 0.2903 -0.0000
vn 0.8819 0.4714 -0.0000
vn 0.7730 0.6344 0.0001
vn 0.6344 0.7730 0.0001
vn 0.4714 0.8819 0.0001
vn 0.2903 0.9569 0.0001
vn 0.0980 0.9952 0.0001
vn -0.0980 0.9952 0.0001
vn -0.2903 0.9569 0.0001
vn -0.4714 0.8819 0.0001
vn -0.6344 0.7730 0.0001
vn -0.7730 0.6344 0.0001
vn -0.8819 0.4714 -0.0000
vn -0.9569 0.2903 -0.0000
vn -0.9952 0.0980 -0.0000
vn -0.9952 -0.0980 -0.0000
vn -0.9569 -0.2903 -0.0000
vn -0.8819 -0.4714 -0.0000
vn -0.7730 -0.6344 -0.0001
vn -0.6344 -0.7730 -0.0001
vn -0.4714 -0.8819 -0.0001
vn -0.0000 -0.0086 -1.0000
vn -0.2903 -0.9569 -0.0001
vn -0.0980 -0.9952 -0.0001
vn -0.0000 0.0087 1.0000
vn -0.0001 -0.0087 -1.0000
vn -0.0000 -0.0088 -1.0000
vn -0.0001 -0.0086 -1.0000
vn 0.0001 -0.0087 -1.0000
vn -0.0000 -0.0087 -1.0000
vn 0.0002 -0.0087 -1.0000
vn -0.0004 -0.0087 -1.0000
vn -0.0002 -0.0087 -1.0000
vn 0.0004 -0.0087 -1.0000
vn 0.0004 -0.0086 -1.0000
vn -0.0002 -0.0086 -1.0000
vn -0.0003 -0.0087 -1.0000
vn 0.0008 -0.0087 -1.0000
vn 0.0013 -0.0087 -1.0000
vn 0.0003 -0.0087 -1.0000
vn 0.0001 -0.0086 -1.0000
vn -0.0001 -0.0088 -1.0000
vn -0.0000 -0.0085 -1.0000
vn -0.0001 0.0088 1.0000
vn -0.0000 0.0085 1.0000
vn -0.0001 0.0087 1.0000
vn -0.0000 0.0086 1.0000
vn 0.0001 0.0087 1.0000
vn -0.0000 0.0088 1.0000
vn 0.0004 0.0087 1.0000
vn 0.0001 0.0086 1.0000
vn -0.0002 0.0087 1.0000
vn -0.0004 0.0087 1.0000
vn 0.0002 0.0087 1.0000
vn 0.0008 0.0087 1.0000
vn 0.0013 0.0087 1.0000
vn -0.0008 0.0087 1.0000
vn 0.0002 0.0086 1.0000
vn -0.0002 0.0086 1.0000
vt 1.000000 0.500000
vt 0.000000 0.500000
vt 0.750000 0.490000
vt 0.250000 0.490000
vt 0.000000 1.000000
vt 1.000000 1.000000
vt 0.796822 0.485388
vt 0.968750 0.500000
vt 0.296822 0.485388
vt 0.968750 1.000000
vt 0.841844 0.471731
vt 0.937500 0.500000
vt 0.341844 0.471731
vt 0.937500 1.000000
vt 0.883337 0.449553
vt 0.906250 0.500000
vt 0.383337 0.449553
vt 0.906250 1.000000
vt 0.919706 0.419706
vt 0.875000 0.500000
vt 0.419706 0.419706
vt 0.875000 1.000000
vt 0.949553 0.383337
vt 0.843750 0.500000
vt 0.449553 0.383337
vt 0.843750 1.000000
vt 0.971731 0.341844
vt 0.812500 0.500000
vt 0.471731 0.341844
vt 0.812500 1.000000
vt 0.985388 0.296822
vt 0.781250 0.500000
vt 0.485388 0.296822
vt 0.781250 1.000000
vt 0.990000 0.250000
vt 0.750000 0.500000
vt 0.490000 0.250000
vt 0.750000 1.000000
vt 0.985388 0.203178
vt 0.718750 0.500000
vt 0.485388 0.203178
vt 0.718750 1.000000
vt 0.971731 0.158156
vt 0.687500 0.500000
vt 0.471731 0.158156
vt 0.687500 1.000000
vt 0.949553 0.116663
vt 0.656250 0.500000
vt 0.449553 0.116663
vt 0.656250 1.000000
vt 0.919706 0.080294
vt 0.625000 0.500000
vt 0.419706 0.080294
vt 0.625000 1.000000
vt 0.883337 0.050447
vt 0.593750 0.500000
vt 0.383337 0.050447
vt 0.593750 1.000000
vt 0.841844 0.028269
vt 0.562500 0.500000
vt 0.341844 0.028269
vt 0.562500 1.000000
vt 0.796822 0.014612
vt 0.531250 0.500000
vt 0.296822 0.014612
vt 0.531250 1.000000
vt 0.750000 0.010000
vt 0.500000 0.500000
vt 0.250000 0.010000
vt 0.500000 1.000000
vt 0.703178 0.014612
vt 0.468750 0.500000
vt 0.203178 0.014612
vt 0.468750 1.000000
vt 0.658156 0.028269
vt 0.437500 0.500000
vt 0.158156 0.028269
vt 0.437500 1.000000
vt 0.616663 0.050447
vt 0.406250 0.500000
vt 0.116663 0.050447
vt 0.406250 1.000000
vt 0.580294 0.080294
vt 0.375000 0.500000
vt 0.080294 0.080294
vt 0.375000 1.000000
vt 0.550447 0.116663
vt 0.343750 0.500000
vt 0.050447 0.116663
vt 0.343750 1.000000
vt 0.528269 0.158156
vt 0.312500 0.500000
vt 0.028269 0.158156
vt 0.312500 1.000000
vt 0.514612 0.203178
vt 0.281250 0.500000
vt 0.014612 0.203178
vt 0.281250 1.000000
vt 0.510000 0.250000
vt 0.250000 0.500000
vt 0.010000 0.250000
vt 0.250000 1.000000
vt 0.514612 0.296822
vt 0.218750 0.500000
vt 0.014612 0.296822
vt 0.218750 1.000000
vt 0.528269 0.341844
vt 0.187500 0.500000
vt 0.028269 0.341844
vt 0.187500 1.000000
vt 0.550447 0.383337
vt 0.156250 0.500000
vt 0.050447 0.383337
vt 0.156250 1.000000
vt 0.580294 0.419706
vt 0.125000 0.500000
vt 0.080294 0.419706
vt 0.125000 1.000000
vt 0.616663 0.449553
vt 0.093750 0.500000
vt 0.116663 0.449553
vt 0.093750 1.000000
vt 0.658156 0.471731
vt 0.062500 0.500000
vt 0.158156 0.471731
vt 0.062500 1.000000
vt 0.703178 0.485388
vt 0.031250 0.500000
vt 0.203178 0.485388
vt 0.031250 1.000000
vt 0.773411 0.487694
vt 0.984375 0.500000
vt 0.273411 0.487694
vt 0.984375 1.000000
vt 0.000000 0.750000
vt 1.000000 0.750000
vt 0.968750 0.750000
vt 0.819333 0.478560
vt 0.953125 0.500000
vt 0.319333 0.478560
vt 0.953125 1.000000
vt 0.937500 0.750000
vt 0.862590 0.460642
vt 0.921875 0.500000
vt 0.362590 0.460642
vt 0.921875 1.000000
vt 0.906250 0.750000
vt 0.901521 0.434629
vt 0.890625 0.500000
vt 0.401521 0.434629
vt 0.890625 1.000000
vt 0.875000 0.750000
vt 0.934629 0.401521
vt 0.859375 0.500000
vt 0.434629 0.401521
vt 0.859375 1.000000
vt 0.843750 0.750000
vt 0.960642 0.362590
vt 0.828125 0.500000
vt 0.460642 0.362590
vt 0.828125 1.000000
vt 0.812500 0.750000
vt 0.978560 0.319333
vt 0.796875 0.500000
vt 0.478560 0.319333
vt 0.796875 1.000000
vt 0.781250 0.750000
vt 0.987694 0.273411
vt 0.765625 0.500000
vt 0.487694 0.273411
vt 0.765625 1.000000
vt 0.750000 0.750000
vt 0.987694 0.226589
vt 0.734375 0.500000
vt 0.487694 0.226589
vt 0.734375 1.000000
vt 0.718750 0.750000
vt 0.978560 0.180667
vt 0.703125 0.500000
vt 0.478560 0.180667
vt 0.703125 1.000000
vt 0.687500 0.750000
vt 0.960642 0.137410
vt 0.671875 0.500000
vt 0.460642 0.137410
vt 0.671875 1.000000
vt 0.656250 0.750000
vt 0.934629 0.098479
vt 0.640625 0.500000
vt 0.434629 0.098479
vt 0.640625 1.000000
vt 0.625000 0.750000
vt 0.901521 0.065371
vt 0.609375 0.500000
vt 0.401521 0.065371
vt 0.609375 1.000000
vt 0.593750 0.750000
vt 0.862590 0.039358
vt 0.578125 0.500000
vt 0.362590 0.039358
vt 0.578125 1.000000
vt 0.562500 0.750000
vt 0.819333 0.021440
vt 0.546875 0.500000
vt 0.319333 0.021440
vt 0.546875 1.000000
vt 0.531250 0.750000
vt 0.773411 0.012306
vt 0.515625 0.500000
vt 0.273411 0.012306
vt 0.515625 1.000000
vt 0.500000 0.750000
vt 0.726589 0.012306
vt 0.484375 0.500000
vt 0.226589 0.012306
vt 0.484375 1.000000
vt 0.468750 0.750000
vt 0.680667 0.021440
vt 0.453125 0.500000
vt 0.180667 0.021440
vt 0.453125 1.000000
vt 0.437500 0.750000
vt 0.637410 0.039358
vt 0.421875 0.500000
vt 0.137410 0.039358
vt 0.421875 1.000000
vt 0.406250 0.750000
vt 0.598479 0.065371
vt 0.390625 0.500000
vt 0.098479 0.065371
vt 0.390625 1.000000
vt 0.375000 0.750000
vt 0.565371 0.098479
vt 0.359375 0.500000
vt 0.065371 0.098479
vt 0.359375 1.000000
vt 0.343750 0.750000
vt 0.539358 0.137410
vt 0.328125 0.500000
vt 0.039358 0.137410
vt 0.328125 1.000000
vt 0.312500 0.750000
vt 0.521440 0.180667
vt 0.296875 0.500000
vt 0.021440 0.180667
vt 0.296875 1.000000
vt 0.281250 0.750000
vt 0.512306 0.226589
vt 0.265625 0.500000
vt 0.012306 0.226589
vt 0.265625 1.000000
vt 0.250000 0.750000
vt 0.512306 0.273411
vt 0.234375 0.500000
vt 0.012306 0.273411
vt 0.234375 1.000000
vt 0.218750 0.750000
vt 0.521440 0.319333
vt 0.203125 0.500000
vt 0.021440 0.319333
vt 0.203125 1.000000
vt 0.187500 0.750000
vt 0.539358 0.362590
vt 0.171875 0.500000
vt 0.039358 0.362590
vt 0.171875 1.000000
vt 0.156250 0.750000
vt 0.565371 0.401521
vt 0.140625 0.500000
vt 0.065371 0.401521
vt 0.140625 1.000000
vt 0.125000 0.750000
vt 0.598479 0.434629
vt 0.109375 0.500000
vt 0.098479 0.434629
vt 0.109375 1.000000
vt 0.093750 0.750000
vt 0.637410 0.460642
vt 0.078125 0.500000
vt 0.137410 0.460642
vt 0.078125 1.000000
vt 0.062500 0.750000
vt 0.680667 0.478560
vt 0.046875 0.500000
vt 0.180667 0.478560
vt 0.046875 1.000000
vt 0.031250 0.750000
vt 0.726589 0.487694
vt 0.015625 0.500000
vt 0.226589 0.487694
vt 0.015625 1.000000
vt 0.015625 0.750000
vt 0.046875 0.750000
vt 0.078125 0.750000
vt 0.109375 0.750000
vt 0.140625 0.750000
vt 0.171875 0.750000
vt 0.203125 0.750000
vt 0.234375 0.750000
vt 0.265625 0.750000
vt 0.296875 0.750000
vt 0.328125 0.750000
vt 0.359375 0.750000
vt 0.390625 0.750000
vt 0.421875 0.750000
vt 0.453125 0.750000
vt 0.484375 0.750000
vt 0.515625 0.750000
vt 0.546875 0.750000
vt 0.578125 0.750000
vt 0.609375 0.750000
vt 0.640625 0.750000
vt 0.671875 0.750000
vt 0.703125 0.750000
vt 0.734375 0.750000
vt 0.765625 0.750000
vt 0.796875 0.750000
vt 0.828125 0.750000
vt 0.859375 0.750000
vt 0.890625 0.750000
vt 0.921875 0.750000
vt 0.953125 0.750000
vt 0.984375 0.750000
vt 0.785116 0.486541
vt 0.976562 0.500000
vt 0.261705 0.488847
vt 0.992188 1.000000
vt 1.000000 0.875000
vt 0.000000 0.875000
vt 0.968750 0.625000
vt 0.830588 0.475145
vt 0.945312 0.500000
vt 0.308077 0.481974
vt 0.960938 1.000000
vt 0.937500 0.625000
vt 0.872964 0.455097
vt 0.914062 0.500000
vt 0.352217 0.466186
vt 0.929688 1.000000
vt 0.906250 0.625000
vt 0.910613 0.427167
vt 0.882812 0.500000
vt 0.392429 0.442091
vt 0.898438 1.000000
vt 0.875000 0.625000
vt 0.942091 0.392429
vt 0.851562 0.500000
vt 0.427167 0.410613
vt 0.867188 1.000000
vt 0.843750 0.625000
vt 0.966186 0.352217
vt 0.820312 0.500000
vt 0.455097 0.372964
vt 0.835938 1.000000
vt 0.812500 0.625000
vt 0.981974 0.308077
vt 0.789062 0.500000
vt 0.475145 0.330588
vt 0.804688 1.000000
vt 0.781250 0.625000
vt 0.988847 0.261705
vt 0.757812 0.500000
vt 0.486541 0.285116
vt 0.773438 1.000000
vt 0.750000 0.625000
vt 0.986541 0.214884
vt 0.726562 0.500000
vt 0.488847 0.238295
vt 0.742188 1.000000
vt 0.718750 0.625000
vt 0.975145 0.169412
vt 0.695312 0.500000
vt 0.481974 0.191923
vt 0.710938 1.000000
vt 0.687500 0.625000
vt 0.955097 0.127036
vt 0.664062 0.500000
vt 0.466186 0.147783
vt 0.679688 1.000000
vt 0.656250 0.625000
vt 0.927167 0.089387
vt 0.632812 0.500000
vt 0.442091 0.107571
vt 0.648438 1.000000
vt 0.625000 0.625000
vt 0.892429 0.057909
vt 0.601562 0.500000
vt 0.410613 0.072833
vt 0.617188 1.000000
vt 0.593750 0.625000
vt 0.852217 0.033814
vt 0.570312 0.500000
vt 0.372964 0.044903
vt 0.585938 1.000000
vt 0.562500 0.625000
vt 0.808077 0.018026
vt 0.539062 0.500000
vt 0.330588 0.024855
vt 0.554688 1.000000
vt 0.531250 0.625000
vt 0.761705 0.011153
vt 0.507812 0.500000
vt 0.285116 0.013459
vt 0.523438 1.000000
vt 0.500000 0.625000
vt 0.714884 0.013459
vt 0.476562 0.500000
vt 0.238295 0.011153
vt 0.492188 1.000000
vt 0.468750 0.625000
vt 0.669412 0.024855
vt 0.445312 0.500000
vt 0.191923 0.018026
vt 0.460938 1.000000
vt 0.437500 0.625000
vt 0.627036 0.044903
vt 0.414062 0.500000
vt 0.147783 0.033814
vt 0.429688 1.000000
vt 0.406250 0.625000
vt 0.589387 0.072833
vt 0.382812 0.500000
vt 0.107571 0.057909
vt 0.398438 1.000000
vt 0.375000 0.625000
vt 0.557909 0.107571
vt 0.351562 0.500000
vt 0.072833 0.089387
vt 0.367188 1.000000
vt 0.343750 0.625000
vt 0.533814 0.147783
vt 0.320312 0.500000
vt 0.044903 0.127036
vt 0.335938 1.000000
vt 0.312500 0.625000
vt 0.518026 0.191923
vt 0.289062 0.500000
vt 0.024855 0.169412
vt 0.304688 1.000000
vt 0.281250 0.625000
vt 0.511153 0.238295
vt 0.257812 0.500000
vt 0.013459 0.214884
vt 0.273438 1.000000
vt 0.250000 0.625000
vt 0.513459 0.285116
vt 0.226562 0.500000
vt 0.011153 0.261705
vt 0.242188 1.000000
vt 0.218750 0.625000
vt 0.524855 0.330588
vt 0.195312 0.500000
vt 0.018026 0.308077
vt 0.210938 1.000000
vt 0.187500 0.625000
vt 0.544903 0.372964
vt 0.164062 0.500000
vt 0.033814 0.352217
vt 0.179688 1.000000
vt 0.156250 0.625000
vt 0.572833 0.410613
vt 0.132812 0.500000
vt 0.057909 0.392429
vt 0.148438 1.000000
vt 0.125000 0.625000
vt 0.607571 0.442091
vt 0.101562 0.500000
vt 0.089387 0.427167
vt 0.117188 1.000000
vt 0.093750 0.625000
vt 0.647783 0.466186
vt 0.070312 0.500000
vt 0.127036 0.455097
vt 0.085938 1.000000
vt 0.062500 0.625000
vt 0.691923 0.481974
vt 0.039062 0.500000
vt 0.169412 0.475145
vt 0.054688 1.000000
vt 0.031250 0.625000
vt 0.738295 0.488847
vt 0.007812 0.500000
vt 0.214884 0.486541
vt 0.023438 1.000000
vt 0.761705 0.488847
vt 0.992188 0.500000
vt 0.285116 0.486541
vt 0.976562 1.000000
vt 1.000000 0.625000
vt 0.000000 0.625000
vt 0.968750 0.875000
vt 0.808077 0.481974
vt 0.960938 0.500000
vt 0.330588 0.475145
vt 0.945312 1.000000
vt 0.937500 0.875000
vt 0.852217 0.466186
vt 0.929688 0.500000
vt 0.372964 0.455097
vt 0.914062 1.000000
vt 0.906250 0.875000
vt 0.892429 0.442091
vt 0.898438 0.500000
vt 0.410613 0.427167
vt 0.882812 1.000000
vt 0.875000 0.875000
vt 0.927167 0.410613
vt 0.867188 0.500000
vt 0.442091 0.392429
vt 0.851562 1.000000
vt 0.843750 0.875000
vt 0.955097 0.372964
vt 0.835938 0.500000
vt 0.466186 0.352217
vt 0.820312 1.000000
vt 0.812500 0.875000
vt 0.975145 0.330588
vt 0.804688 0.500000
vt 0.481974 0.308077
vt 0.789062 1.000000
vt 0.781250 0.875000
vt 0.986541 0.285116
vt 0.773438 0.500000
vt 0.488847 0.261705
vt 0.757812 1.000000
vt 0.750000 0.875000
vt 0.988847 0.238295
vt 0.742188 0.500000
vt 0.486541 0.214884
vt 0.726562 1.000000
vt 0.718750 0.875000
vt 0.981974 0.191923
vt 0.710938 0.500000
vt 0.475145 0.169412
vt 0.695312 1.000000
vt 0.687500 0.875000
vt 0.966186 0.147783
vt 0.679688 0.500000
vt 0.455097 0.127036
vt 0.664062 1.000000
vt 0.656250 0.875000
vt 0.942091 0.107571
vt 0.648438 0.500000
vt 0.427167 0.089387
vt 0.632812 1.000000
vt 0.625000 0.875000
vt 0.910613 0.072833
vt 0.617188 0.500000
vt 0.392429 0.057909
vt 0.601562 1.000000
vt 0.593750 0.875000
vt 0.872964 0.044903
vt 0.585938 0.500000
vt 0.352217 0.033814
vt 0.570312 1.000000
vt 0.562500 0.875000
vt 0.830588 0.024855
vt 0.554688 0.500000
vt 0.308077 0.018026
vt 0.539062 1.000000
vt 0.531250 0.875000
vt 0.785116 0.013459
vt 0.523438 0.500000
vt 0.261705 0.011153
vt 0.507812 1.000000
vt 0.500000 0.875000
vt 0.738295 0.011153
vt 0.492188 0.500000
vt 0.214884 0.013459
vt 0.476562 1.000000
vt 0.468750 0.875000
vt 0.691923 0.018026
vt 0.460938 0.500000
vt 0.169412 0.024855
vt 0.445312 1.000000
vt 0.437500 0.875000
vt 0.647783 0.033814
vt 0.429688 0.500000
vt 0.127036 0.044903
vt 0.414062 1.000000
vt 0.406250 0.875000
vt 0.607571 0.057909
vt 0.398438 0.500000
vt 0.089387 0.072833
vt 0.382812 1.000000
vt 0.375000 0.875000
vt 0.572833 0.089387
vt 0.367188 0.500000
vt 0.057909 0.107571
vt 0.351562 1.000000
vt 0.343750 0.875000
vt 0.544903 0.127036
vt 0.335938 0.500000
vt 0.033814 0.147783
vt 0.320312 1.000000
vt 0.312500 0.875000
vt 0.524855 0.169412
vt 0.304688 0.500000
vt 0.018026 0.191923
vt 0.289062 1.000000
vt 0.281250 0.875000
vt 0.513459 0.214884
vt 0.273438 0.500000
vt 0.011153 0.238295
vt 0.257812 1.000000
vt 0.250000 0.875000
vt 0.511153 0.261705
vt 0.242188 0.500000
vt 0.013459 0.285116
vt 0.226562 1.000000
vt 0.218750 0.875000
vt 0.518026 0.308077
vt 0.210938 0.500000
vt 0.024855 0.330588
vt 0.195312 1.000000
vt 0.187500 0.875000
vt 0.533814 0.352217
vt 0.179688 0.500000
vt 0.044903 0.372964
vt 0.164062 1.000000
vt 0.156250 0.875000
vt 0.557909 0.392429
vt 0.148438 0.500000
vt 0.072833 0.410613
vt 0.132812 1.000000
vt 0.125000 0.875000
vt 0.589387 0.427167
vt 0.117188 0.500000
vt 0.107571 0.442091
vt 0.101562 1.000000
vt 0.093750 0.875000
vt 0.627036 0.455097
vt 0.085938 0.500000
vt 0.147783 0.466186
vt 0.070312 1.000000
vt 0.062500 0.875000
vt 0.669412 0.475145
vt 0.054688 0.500000
vt 0.191923 0.481974
vt 0.039062 1.000000
vt 0.031250 0.875000
vt 0.714884 0.486541
vt 0.023438 0.500000
vt 0.238295 0.488847
vt 0.007812 1.000000
vt 0.007812 0.750000
vt 0.023438 0.750000
vt 0.015625 0.625000
vt 0.015625 0.875000
vt 0.039062 0.750000
vt 0.054688 0.750000
vt 0.046875 0.625000
vt 0.046875 0.875000
vt 0.070312 0.750000
vt 0.085938 0.750000
vt 0.078125 0.625000
vt 0.078125 0.875000
vt 0.101562 0.750000
vt 0.117188 0.750000
vt 0.109375 0.625000
vt 0.109375 0.875000
vt 0.132812 0.750000
vt 0.148438 0.750000
vt 0.140625 0.625000
vt 0.140625 0.875000
vt 0.164062 0.750000
vt 0.179688 0.750000
vt 0.171875 0.625000
vt 0.171875 0.875000
vt 0.195312 0.750000
vt 0.210938 0.750000
vt 0.203125 0.625000
vt 0.203125 0.875000
vt 0.226562 0.750000
vt 0.242188 0.750000
vt 0.234375 0.625000
vt 0.234375 0.875000
vt 0.257812 0.750000
vt 0.273438 0.750000
vt 0.265625 0.625000
vt 0.265625 0.875000
vt 0.289062 0.750000
vt 0.304688 0.750000
vt 0.296875 0.625000
vt 0.296875 0.875000
vt 0.320312 0.750000
vt 0.335938 0.750000
vt 0.328125 0.625000
vt 0.328125 0.875000
vt 0.351562 0.750000
vt 0.367188 0.750000
vt 0.359375 0.625000
vt 0.359375 0.875000
vt 0.382812 0.750000
vt 0.398438 0.750000
vt 0.390625 0.625000
vt 0.390625 0.875000
vt 0.414062 0.750000
vt 0.429688 0.750000
vt 0.421875 0.625000
vt 0.421875 0.875000
vt 0.445312 0.750000
vt 0.460938 0.750000
vt 0.453125 0.625000
vt 0.453125 0.875000
vt 0.476562 0.750000
vt 0.492188 0.750000
vt 0.484375 0.625000
vt 0.484375 0.875000
vt 0.507812 0.750000
vt 0.523438 0.750000
vt 0.515625 0.625000
vt 0.515625 0.875000
vt 0.539062 0.750000
vt 0.554688 0.750000
vt 0.546875 0.625000
vt 0.546875 0.875000
vt 0.570312 0.750000
vt 0.585938 0.750000
vt 0.578125 0.625000
vt 0.578125 0.875000
vt 0.601562 0.750000
vt 0.617188 0.750000
vt 0.609375 0.625000
vt 0.609375 0.875000
vt 0.632812 0.750000
vt 0.648438 0.750000
vt 0.640625 0.625000
vt 0.640625 0.875000
vt 0.664062 0.750000
vt 0.679688 0.750000
vt 0.671875 0.625000
vt 0.671875 0.875000
vt 0.695312 0.750000
vt 0.710938 0.750000
vt 0.703125 0.625000
vt 0.703125 0.875000
vt 0.726562 0.750000
vt 0.742188 0.750000
vt 0.734375 0.625000
vt 0.734375 0.875000
vt 0.757812 0.750000
vt 0.773438 0.750000
vt 0.765625 0.625000
vt 0.765625 0.875000
vt 0.789062 0.750000
vt 0.804688 0.750000
vt 0.796875 0.625000
vt 0.796875 0.875000
vt 0.820312 0.750000
vt 0.835938 0.750000
vt 0.828125 0.625000
vt 0.828125 0.875000
vt 0.851562 0.750000
vt 0.867188 0.750000
vt 0.859375 0.625000
vt 0.859375 0.875000
vt 0.882812 0.750000
vt 0.898438 0.750000
vt 0.890625 0.625000
vt 0.890625 0.875000
vt 0.914062 0.750000
vt 0.929688 0.750000
vt 0.921875 0.625000
vt 0.921875 0.875000
vt 0.945312 0.750000
vt 0.960938 0.750000
vt 0.953125 0.625000
vt 0.953125 0.875000
vt 0.976562 0.750000
vt 0.992188 0.750000
vt 0.984375 0.625000
vt 0.984375 0.875000
vt 0.992188 0.875000
vt 0.992188 0.625000
vt 0.976562 0.625000
vt 0.960938 0.875000
vt 0.960938 0.625000
vt 0.945312 0.625000
vt 0.929688 0.875000
vt 0.929688 0.625000
vt 0.914062 0.625000
vt 0.898438 0.875000
vt 0.898438 0.625000
vt 0.882812 0.625000
vt 0.867188 0.875000
vt 0.867188 0.625000
vt 0.851562 0.625000
vt 0.835938 0.875000
vt 0.835938 0.625000
vt 0.820312 0.625000
vt 0.804688 0.875000
vt 0.804688 0.625000
vt 0.789062 0.625000
vt 0.773438 0.875000
vt 0.773438 0.625000
vt 0.757812 0.625000
vt 0.742188 0.875000
vt 0.742188 0.625000
vt 0.726562 0.625000
vt 0.710938 0.875000
vt 0.710938 0.625000
vt 0.695312 0.625000
vt 0.679688 0.875000
vt 0.679688 0.625000
vt 0.664062 0.625000
vt 0.648438 0.875000
vt 0.648438 0.625000
vt 0.632812 0.625000
vt 0.617188 0.875000
vt 0.617188 0.625000
vt 0.601562 0.625000
vt 0.585938 0.875000
vt 0.585938 0.625000
vt 0.570312 0.625000
vt 0.554688 0.875000
vt 0.554688 0.625000
vt 0.539062 0.625000
vt 0.523438 0.875000
vt 0.523438 0.625000
vt 0.507812 0.625000
vt 0.492188 0.875000
vt 0.492188 0.625000
vt 0.476562 0.625000
vt 0.460938 0.875000
vt 0.460938 0.625000
vt 0.445312 0.625000
vt 0.429688 0.875000
vt 0.429688 0.625000
vt 0.414062 0.625000
vt 0.398438 0.875000
vt 0.398438 0.625000
vt 0.382812 0.625000
vt 0.367188 0.875000
vt 0.367188 0.625000
vt 0.351562 0.625000
vt 0.335938 0.875000
vt 0.335938 0.625000
vt 0.320312 0.625000
vt 0.304688 0.875000
vt 0.304688 0.625000
vt 0.289062 0.625000
vt 0.273438 0.875000
vt 0.273438 0.625000
vt 0.257812 0.625000
vt 0.242188 0.875000
vt 0.242188 0.625000
vt 0.226562 0.625000
vt 0.210938 0.875000
vt 0.210938 0.625000
vt 0.195312 0.625000
vt 0.179688 0.875000
vt 0.179688 0.625000
vt 0.164062 0.625000
vt 0.148438 0.875000
vt 0.148438 0.625000
vt 0.132812 0.625000
vt 0.117188 0.875000
vt 0.117188 0.625000
vt 0.101562 0.625000
vt 0.085938 0.875000
vt 0.085938 0.625000
vt 0.070312 0.625000
vt 0.054688 0.875000
vt 0.054688 0.625000
vt 0.039062 0.625000
vt 0.023438 0.875000
vt 0.023438 0.625000
vt 0.007812 0.625000
vt 0.007812 0.875000
vt 0.039062 0.875000
vt 0.070312 0.875000
vt 0.101562 0.875000
vt 0.132812 0.875000
vt 0.164062 0.875000
vt 0.195312 0.875000
vt 0.226562 0.875000
vt 0.257812 0.875000
vt 0.289062 0.875000
vt 0.320312 0.875000
vt 0.351562 0.875000
vt 0.382812 0.875000
vt 0.414062 0.875000
vt 0.445312 0.875000
vt 0.476562 0.875000
vt 0.507812 0.875000
vt 0.539062 0.875000
vt 0.570312 0.875000
vt 0.601562 0.875000
vt 0.632812 0.875000
vt 0.664062 0.875000
vt 0.695312 0.875000
vt 0.726562 0.875000
vt 0.757812 0.875000
vt 0.789062 0.875000
vt 0.820312 0.875000
vt 0.851562 0.875000
vt 0.882812 0.875000
vt 0.914062 0.875000
vt 0.945312 0.875000
vt 0.976562 0.875000
s 0
f 290/488/1 292/491/1 640/901/1
f 294/495/2 295/496/2 639/900/2
f 297/500/3 298/501/3 638/899/3
f 300/505/4 301/506/4 637/898/4
f 303/510/5 304/511/5 636/897/5
f 306/515/6 307/516/6 635/896/6
f 309/520/7 310/521/7 634/895/7
f 312/525/8 313/526/8 633/894/8
f 315/530/9 316/531/9 632/893/9
f 318/535/10 319/536/10 631/892/10
f 321/540/11 322/541/11 630/891/11
f 324/545/12 325/546/12 629/890/12
f 327/550/13 328/551/13 628/889/13
f 330/555/14 331/556/14 627/888/14
f 333/560/15 334/561/15 626/887/15
f 336/565/16 337/566/16 625/886/16
f 624/885/17 36/74/17 340/571/17
f 623/884/18 38/78/18 343/576/18
f 622/883/19 40/82/19 346/581/19
f 621/882/20 42/86/20 349/586/20
f 620/881/21 44/90/21 352/591/21
f 619/880/22 46/94/22 355/596/22
f 618/879/23 48/98/23 358/601/23
f 617/878/24 50/102/24 361/606/24
f 616/877/25 52/106/25 364/611/25
f 615/876/26 54/110/26 367/616/26
f 614/875/27 56/114/27 370/621/27
f 613/874/28 58/118/28 373/626/28
f 612/873/29 60/122/29 376/631/29
f 611/872/30 62/126/30 379/636/30
f 112/210/31 109/205/31 115/215/31
f 610/871/32 64/130/32 382/641/32
f 609/870/33 2/5/33 195/329/33
f 111/208/34 105/198/34 108/203/34
f 608/869/33 67/135/33 291/490/33
f 607/868/33 161/292/33 387/648/33
f 606/867/33 160/291/33 388/649/33
f 605/866/32 158/287/32 286/480/32
f 604/865/32 162/293/32 391/652/32
f 603/864/32 157/286/32 392/653/32
f 602/863/30 155/282/30 283/475/30
f 601/862/30 163/294/30 395/656/30
f 600/861/30 154/281/30 396/657/30
f 599/860/29 152/277/29 280/470/29
f 598/859/29 164/295/29 399/660/29
f 597/858/29 151/276/29 400/661/29
f 596/857/28 149/272/28 277/465/28
f 595/856/28 165/296/28 403/664/28
f 594/855/28 148/271/28 404/665/28
f 593/854/27 146/267/27 274/460/27
f 592/853/27 166/297/27 407/668/27
f 591/852/27 145/266/27 408/669/27
f 590/851/26 143/262/26 271/455/26
f 589/850/26 167/298/26 411/672/26
f 588/849/26 142/261/26 412/673/26
f 587/848/25 140/257/25 268/450/25
f 586/847/25 168/299/25 415/676/25
f 585/846/25 139/256/25 416/677/25
f 584/845/24 137/252/24 265/445/24
f 583/844/24 169/300/24 419/680/24
f 582/843/24 136/251/24 420/681/24
f 581/842/23 134/247/23 262/440/23
f 580/841/23 170/301/23 423/684/23
f 579/840/23 133/246/23 424/685/23
f 578/839/22 131/242/22 259/435/22
f 577/838/22 171/302/22 427/688/22
f 576/837/22 130/241/22 428/689/22
f 575/836/21 128/237/21 256/430/21
f 574/835/21 172/303/21 431/692/21
f 573/834/21 127/236/21 432/693/21
f 572/833/20 125/232/20 253/425/20
f 571/832/20 173/304/20 435/696/20
f 570/831/20 124/231/20 436/697/20
f 569/830/19 122/227/19 250/420/19
f 568/829/19 174/305/19 439/700/19
f 567/828/19 121/226/19 440/701/19
f 566/827/18 119/222/18 247/415/18
f 565/826/18 175/306/18 443/704/18
f 564/825/18 118/221/18 444/705/18
f 563/824/17 116/217/17 244/410/17
f 562/823/17 176/307/17 447/708/17
f 561/822/17 115/216/17 448/709/17
f 449/710/16 241/405/16 560/821/16
f 450/711/16 451/712/16 559/820/16
f 240/404/16 452/713/16 558/819/16
f 453/714/15 238/400/15 557/818/15
f 454/715/15 455/716/15 556/817/15
f 237/399/15 456/717/15 555/816/15
f 457/718/14 235/395/14 554/815/14
f 458/719/14 459/720/14 553/814/14
f 234/394/14 460/721/14 552/813/14
f 461/722/13 232/390/13 551/812/13
f 462/723/13 463/724/13 550/811/13
f 231/389/13 464/725/13 549/810/13
f 465/726/12 229/385/12 548/809/12
f 466/727/12 467/728/12 547/808/12
f 228/384/12 468/729/12 546/807/12
f 469/730/11 226/380/11 545/806/11
f 470/731/11 471/732/11 544/805/11
f 225/379/11 472/733/11 543/804/11
f 473/734/10 223/375/10 542/803/10
f 474/735/10 475/736/10 541/802/10
f 222/374/10 476/737/10 540/801/10
f 477/738/9 220/370/9 539/800/9
f 478/739/9 479/740/9 538/799/9
f 219/369/9 480/741/9 537/798/9
f 481/742/8 217/365/8 536/797/8
f 482/743/8 483/744/8 535/796/8
f 216/364/8 484/745/8 534/795/8
f 485/746/7 214/360/7 533/794/7
f 486/747/7 487/748/7 532/793/7
f 213/359/7 488/749/7 531/792/7
f 489/750/6 211/355/6 530/791/6
f 490/751/6 491/752/6 529/790/6
f 210/354/6 492/753/6 528/789/6
f 493/754/5 208/350/5 527/788/5
f 494/755/5 495/756/5 526/787/5
f 207/349/5 496/757/5 525/786/5
f 497/758/4 205/345/4 524/785/4
f 498/759/4 499/760/4 523/784/4
f 204/344/4 500/761/4 522/783/4
f 501/762/3 202/340/3 521/782/3
f 502/763/3 503/764/3 520/781/3
f 201/339/3 504/765/3 519/780/3
f 505/766/2 199/335/2 518/779/2
f 506/767/2 507/768/2 517/778/2
f 198/334/2 508/769/2 516/777/2
f 509/770/1 196/330/1 515/776/1
f 510/771/1 511/772/1 514/775/1
f 194/327/1 512/773/1 513/774/1
f 513/774/1 192/323/1 510/771/1
f 195/328/1 510/771/1 67/136/1
f 2/6/1 513/774/1 195/328/1
f 514/775/1 65/132/1 289/486/1
f 291/489/1 289/486/1 1/1/1
f 67/136/1 514/775/1 291/489/1
f 515/776/1 3/8/1 193/325/1
f 511/772/1 193/325/1 65/132/1
f 192/323/1 515/776/1 511/772/1
f 516/777/2 191/322/2 506/767/2
f 292/491/2 506/767/2 68/137/2
f 4/10/2 516/777/2 292/491/2
f 517/778/2 69/139/2 293/493/2
f 196/330/2 293/493/2 3/8/2
f 68/137/2 517/778/2 196/330/2
f 518/779/2 5/12/2 197/332/2
f 507/768/2 197/332/2 69/139/2
f 191/322/2 518/779/2 507/768/2
f 519/780/3 190/321/3 502/763/3
f 295/496/3 502/763/3 71/142/3
f 6/14/3 519/780/3 295/496/3
f 520/781/3 72/144/3 296/498/3
f 199/335/3 296/498/3 5/12/3
f 71/142/3 520/781/3 199/335/3
f 521/782/3 7/16/3 200/337/3
f 503/764/3 200/337/3 72/144/3
f 190/321/3 521/782/3 503/764/3
f 522/783/4 189/320/4 498/759/4
f 298/501/4 498/759/4 74/147/4
f 8/18/4 522/783/4 298/501/4
f 523/784/4 75/149/4 299/503/4
f 202/340/4 299/503/4 7/16/4
f 74/147/4 523/784/4 202/340/4
f 524/785/4 9/20/4 203/342/4
f 499/760/4 203/342/4 75/149/4
f 189/320/4 524/785/4 499/760/4
f 525/786/5 188/319/5 494/755/5
f 301/506/5 494/755/5 77/152/5
f 10/22/5 525/786/5 301/506/5
f 526/787/5 78/154/5 302/508/5
f 205/345/5 302/508/5 9/20/5
f 77/152/5 526/787/5 205/345/5
f 527/788/5 11/24/5 206/347/5
f 495/756/5 206/347/5 78/154/5
f 188/319/5 527/788/5 495/756/5
f 528/789/6 187/318/6 490/751/6
f 304/511/6 490/751/6 80/157/6
f 12/26/6 528/789/6 304/511/6
f 529/790/6 81/159/6 305/513/6
f 208/350/6 305/513/6 11/24/6
f 80/157/6 529/790/6 208/350/6
f 530/791/6 13/28/6 209/352/6
f 491/752/6 209/352/6 81/159/6
f 187/318/6 530/791/6 491/752/6
f 531/792/7 186/317/7 486/747/7
f 307/516/7 486/747/7 83/162/7
f 14/30/7 531/792/7 307/516/7
f 532/793/7 84/164/7 308/518/7
f 211/355/7 308/518/7 13/28/7
f 83/162/7 532/793/7 211/355/7
f 533/794/7 15/32/7 212/357/7
f 487/748/7 212/357/7 84/164/7
f 186/317/7 533/794/7 487/748/7
f 534/795/8 185/316/8 482/743/8
f 310/521/8 482/743/8 86/167/8
f 16/34/8 534/795/8 310/521/8
f 535/796/8 87/169/8 311/523/8
f 214/360/8 311/523/8 15/32/8
f 86/167/8 535/796/8 214/360/8
f 536/797/8 17/36/8 215/362/8
f 483/744/8 215/362/8 87/169/8
f 185/316/8 536/797/8 483/744/8
f 537/798/9 184/315/9 478/739/9
f 313/526/9 478/739/9 89/172/9
f 18/38/9 537/798/9 313/526/9
f 538/799/9 90/174/9 314/528/9
f 217/365/9 314/528/9 17/36/9
f 89/172/9 538/799/9 217/365/9
f 539/800/9 19/40/9 218/367/9
f 479/740/9 218/367/9 90/174/9
f 184/315/9 539/800/9 479/740/9
f 540/801/10 183/314/10 474/735/10
f 316/531/10 474/735/10 92/177/10
f 20/42/10 540/801/10 316/531/10
f 541/802/10 93/179/10 317/533/10
f 220/370/10 317/533/10 19/40/10
f 92/177/10 541/802/10 220/370/10
f 542/803/10 21/44/10 221/372/10
f 475/736/10 221/372/10 93/179/10
f 183/314/10 542/803/10 475/736/10
f 543/804/11 182/313/11 470/731/11
f 319/536/11 470/731/11 95/182/11
f 22/46/11 543/804/11 319/536/11
f 544/805/11 96/184/11 320/538/11
f 223/375/11 320/538/11 21/44/11
f 95/182/11 544/805/11 223/375/11
f 545/806/11 23/48/11 224/377/11
f 471/732/11 224/377/11 96/184/11
f 182/313/11 545/806/11 471/732/11
f 546/807/12 181/312/12 466/727/12
f 322/541/12 466/727/12 98/187/12
f 24/50/12 546/807/12 322/541/12
f 547/808/12 99/189/12 323/543/12
f 226/380/12 323/543/12 23/48/12
f 98/187/12 547/808/12 226/380/12
f 548/809/12 25/52/12 227/382/12
f 467/728/12 227/382/12 99/189/12
f 181/312/12 548/809/12 467/728/12
f 549/810/13 180/311/13 462/723/13
f 325/546/13 462/723/13 101/192/13
f 26/54/13 549/810/13 325/546/13
f 550/811/13 102/194/13 326/548/13
f 229/385/13 326/548/13 25/52/13
f 101/192/13 550/811/13 229/385/13
f 551/812/13 27/56/13 230/387/13
f 463/724/13 230/387/13 102/194/13
f 180/311/13 551/812/13 463/724/13
f 552/813/14 179/310/14 458/719/14
f 328/551/14 458/719/14 104/197/14
f 28/58/14 552/813/14 328/551/14
f 553/814/14 105/199/14 329/553/14
f 232/390/14 329/553/14 27/56/14
f 104/197/14 553/814/14 232/390/14
f 554/815/14 29/60/14 233/392/14
f 459/720/14 233/392/14 105/199/14
f 179/310/14 554/815/14 459/720/14
f 555/816/15 178/309/15 454/715/15
f 331/556/15 454/715/15 107/202/15
f 30/62/15 555/816/15 331/556/15
f 556/817/15 108/204/15 332/558/15
f 235/395/15 332/558/15 29/60/15
f 107/202/15 556/817/15 235/395/15
f 557/818/15 31/64/15 236/397/15
f 455/716/15 236/397/15 108/204/15
f 178/309/15 557/818/15 455/716/15
f 558/819/16 177/308/16 450/711/16
f 334/561/16 450/711/16 110/207/16
f 32/66/16 558/819/16 334/561/16
f 559/820/16 111/209/16 335/563/16
f 238/400/16 335/563/16 31/64/16
f 110/207/16 559/820/16 238/400/16
f 560/821/16 33/68/16 239/402/16
f 451/712/16 239/402/16 111/209/16
f 177/308/16 560/821/16 451/712/16
f 446/707/17 448/709/17 176/307/17
f 113/212/17 561/822/17 446/707/17
f 337/566/17 243/409/17 561/822/17
f 338/568/17 447/708/17 114/214/17
f 33/68/17 562/823/17 338/568/17
f 241/405/17 446/707/17 562/823/17
f 242/407/17 244/410/17 35/72/17
f 114/214/17 563/824/17 242/407/17
f 447/708/17 445/706/17 563/824/17
f 442/703/18 444/705/18 175/306/18
f 116/217/18 564/825/18 442/703/18
f 340/571/18 246/414/18 564/825/18
f 341/573/18 443/704/18 117/219/18
f 35/72/18 565/826/18 341/573/18
f 244/410/18 442/703/18 565/826/18
f 245/412/18 247/415/18 37/76/18
f 117/219/18 566/827/18 245/412/18
f 443/704/18 441/702/18 566/827/18
f 438/699/19 440/701/19 174/305/19
f 119/222/19 567/828/19 438/699/19
f 343/576/19 249/419/19 567/828/19
f 344/578/19 439/700/19 120/224/19
f 37/76/19 568/829/19 344/578/19
f 247/415/19 438/699/19 568/829/19
f 248/417/19 250/420/19 39/80/19
f 120/224/19 569/830/19 248/417/19
f 439/700/19 437/698/19 569/830/19
f 434/695/20 436/697/20 173/304/20
f 122/227/20 570/831/20 434/695/20
f 346/581/20 252/424/20 570/831/20
f 347/583/20 435/696/20 123/229/20
f 39/80/20 571/832/20 347/583/20
f 250/420/20 434/695/20 571/832/20
f 251/422/20 253/425/20 41/84/20
f 123/229/20 572/833/20 251/422/20
f 435/696/20 433/694/20 572/833/20
f 430/691/21 432/693/21 172/303/21
f 125/232/21 573/834/21 430/691/21
f 349/586/21 255/429/21 573/834/21
f 350/588/21 431/692/21 126/234/21
f 41/84/21 574/835/21 350/588/21
f 253/425/21 430/691/21 574/835/21
f 254/427/21 256/430/21 43/88/21
f 126/234/21 575/836/21 254/427/21
f 431/692/21 429/690/21 575/836/21
f 426/687/22 428/689/22 171/302/22
f 128/237/22 576/837/22 426/687/22
f 352/591/22 258/434/22 576/837/22
f 353/593/22 427/688/22 129/239/22
f 43/88/22 577/838/22 353/593/22
f 256/430/22 426/687/22 577/838/22
f 257/432/22 259/435/22 45/92/22
f 129/239/22 578/839/22 257/432/22
f 427/688/22 425/686/22 578/839/22
f 422/683/23 424/685/23 170/301/23
f 131/242/23 579/840/23 422/683/23
f 355/596/23 261/439/23 579/840/23
f 356/598/23 423/684/23 132/244/23
f 45/92/23 580/841/23 356/598/23
f 259/435/23 422/683/23 580/841/23
f 260/437/23 262/440/23 47/96/23
f 132/244/23 581/842/23 260/437/23
f 423/684/23 421/682/23 581/842/23
f 418/679/24 420/681/24 169/300/24
f 134/247/24 582/843/24 418/679/24
f 358/601/24 264/444/24 582/843/24
f 359/603/24 419/680/24 135/249/24
f 47/96/24 583/844/24 359/603/24
f 262/440/24 418/679/24 583/844/24
f 263/442/24 265/445/24 49/100/24
f 135/249/24 584/845/24 263/442/24
f 419/680/24 417/678/24 584/845/24
f 414/675/25 416/677/25 168/299/25
f 137/252/25 585/846/25 414/675/25
f 361/606/25 267/449/25 585/846/25
f 362/608/25 415/676/25 138/254/25
f 49/100/25 586/847/25 362/608/25
f 265/445/25 414/675/25 586/847/25
f 266/447/25 268/450/25 51/104/25
f 138/254/25 587/848/25 266/447/25
f 415/676/25 413/674/25 587/848/25
f 410/671/26 412/673/26 167/298/26
f 140/257/26 588/849/26 410/671/26
f 364/611/26 270/454/26 588/849/26
f 365/613/26 411/672/26 141/259/26
f 51/104/26 589/850/26 365/613/26
f 268/450/26 410/671/26 589/850/26
f 269/452/26 271/455/26 53/108/26
f 141/259/26 590/851/26 269/452/26
f 411/672/26 409/670/26 590/851/26
f 406/667/27 408/669/27 166/297/27
f 143/262/27 591/852/27 406/667/27
f 367/616/27 273/459/27 591/852/27
f 368/618/27 407/668/27 144/264/27
f 53/108/27 592/853/27 368/618/27
f 271/455/27 406/667/27 592/853/27
f 272/457/27 274/460/27 55/112/27
f 144/264/27 593/854/27 272/457/27
f 407/668/27 405/666/27 593/854/27
f 402/663/28 404/665/28 165/296/28
f 146/267/28 594/855/28 402/663/28
f 370/621/28 276/464/28 594/855/28
f 371/623/28 403/664/28 147/269/28
f 55/112/28 595/856/28 371/623/28
f 274/460/28 402/663/28 595/856/28
f 275/462/28 277/465/28 57/116/28
f 147/269/28 596/857/28 275/462/28
f 403/664/28 401/662/28 596/857/28
f 398/659/29 400/661/29 164/295/29
f 149/272/29 597/858/29 398/659/29
f 373/626/29 279/469/29 597/858/29
f 374/628/29 399/660/29 150/274/29
f 57/116/29 598/859/29 374/628/29
f 277/465/29 398/659/29 598/859/29
f 278/467/29 280/470/29 59/120/29
f 150/274/29 599/860/29 278/467/29
f 399/660/29 397/658/29 599/860/29
f 394/655/30 396/657/30 163/294/30
f 152/277/30 600/861/30 394/655/30
f 376/631/30 282/474/30 600/861/30
f 377/633/30 395/656/30 153/279/30
f 59/120/30 601/862/30 377/633/30
f 280/470/30 394/655/30 601/862/30
f 281/472/30 283/475/30 61/124/30
f 153/279/30 602/863/30 281/472/30
f 395/656/30 393/654/30 602/863/30
f 390/651/32 392/653/32 162/293/32
f 155/282/32 603/864/32 390/651/32
f 379/636/32 285/479/32 603/864/32
f 380/638/32 391/652/32 156/284/32
f 61/124/32 604/865/32 380/638/32
f 283/475/32 390/651/32 604/865/32
f 284/477/32 286/480/32 63/128/32
f 156/284/32 605/866/32 284/477/32
f 391/652/32 389/650/32 605/866/32
f 386/647/33 388/649/33 161/292/33
f 158/287/33 606/867/33 386/647/33
f 382/641/33 288/484/33 606/867/33
f 383/643/33 387/648/33 159/289/33
f 63/128/33 607/868/33 383/643/33
f 286/480/33 386/647/33 607/868/33
f 287/482/33 291/490/33 1/2/33
f 159/289/33 608/869/33 287/482/33
f 387/648/33 385/646/33 608/869/33
f 385/646/33 195/329/33 67/135/33
f 161/292/33 609/870/33 385/646/33
f 388/649/33 384/645/33 609/870/33
f 389/650/32 382/641/32 158/287/32
f 162/293/32 610/871/32 389/650/32
f 392/653/32 381/640/32 610/871/32
f 393/654/30 379/636/30 155/282/30
f 163/294/30 611/872/30 393/654/30
f 396/657/30 378/635/30 611/872/30
f 397/658/29 376/631/29 152/277/29
f 164/295/29 612/873/29 397/658/29
f 400/661/29 375/630/29 612/873/29
f 401/662/28 373/626/28 149/272/28
f 165/296/28 613/874/28 401/662/28
f 404/665/28 372/625/28 613/874/28
f 405/666/27 370/621/27 146/267/27
f 166/297/27 614/875/27 405/666/27
f 408/669/27 369/620/27 614/875/27
f 409/670/26 367/616/26 143/262/26
f 167/298/26 615/876/26 409/670/26
f 412/673/26 366/615/26 615/876/26
f 413/674/25 364/611/25 140/257/25
f 168/299/25 616/877/25 413/674/25
f 416/677/25 363/610/25 616/877/25
f 417/678/24 361/606/24 137/252/24
f 169/300/24 617/878/24 417/678/24
f 420/681/24 360/605/24 617/878/24
f 421/682/23 358/601/23 134/247/23
f 170/301/23 618/879/23 421/682/23
f 424/685/23 357/600/23 618/879/23
f 425/686/22 355/596/22 131/242/22
f 171/302/22 619/880/22 425/686/22
f 428/689/22 354/595/22 619/880/22
f 429/690/21 352/591/21 128/237/21
f 172/303/21 620/881/21 429/690/21
f 432/693/21 351/590/21 620/881/21
f 433/694/20 349/586/20 125/232/20
f 173/304/20 621/882/20 433/694/20
f 436/697/20 348/585/20 621/882/20
f 437/698/19 346/581/19 122/227/19
f 174/305/19 622/883/19 437/698/19
f 440/701/19 345/580/19 622/883/19
f 441/702/18 343/576/18 119/222/18
f 175/306/18 623/884/18 441/702/18
f 444/705/18 342/575/18 623/884/18
f 445/706/17 340/571/17 116/217/17
f 176/307/17 624/885/17 445/706/17
f 448/709/17 339/570/17 624/885/17
f 625/886/16 113/212/16 449/710/16
f 452/713/16 449/710/16 177/308/16
f 112/211/16 625/886/16 452/713/16
f 626/887/15 110/207/15 453/714/15
f 456/717/15 453/714/15 178/309/15
f 109/206/15 626/887/15 456/717/15
f 627/888/14 107/202/14 457/718/14
f 460/721/14 457/718/14 179/310/14
f 106/201/14 627/888/14 460/721/14
f 628/889/13 104/197/13 461/722/13
f 464/725/13 461/722/13 180/311/13
f 103/196/13 628/889/13 464/725/13
f 629/890/12 101/192/12 465/726/12
f 468/729/12 465/726/12 181/312/12
f 100/191/12 629/890/12 468/729/12
f 630/891/11 98/187/11 469/730/11
f 472/733/11 469/730/11 182/313/11
f 97/186/11 630/891/11 472/733/11
f 631/892/10 95/182/10 473/734/10
f 476/737/10 473/734/10 183/314/10
f 94/181/10 631/892/10 476/737/10
f 632/893/9 92/177/9 477/738/9
f 480/741/9 477/738/9 184/315/9
f 91/176/9 632/893/9 480/741/9
f 633/894/8 89/172/8 481/742/8
f 484/745/8 481/742/8 185/316/8
f 88/171/8 633/894/8 484/745/8
f 634/895/7 86/167/7 485/746/7
f 488/749/7 485/746/7 186/317/7
f 85/166/7 634/895/7 488/749/7
f 635/896/6 83/162/6 489/750/6
f 492/753/6 489/750/6 187/318/6
f 82/161/6 635/896/6 492/753/6
f 636/897/5 80/157/5 493/754/5
f 496/757/5 493/754/5 188/319/5
f 79/156/5 636/897/5 496/757/5
f 637/898/4 77/152/4 497/758/4
f 500/761/4 497/758/4 189/320/4
f 76/151/4 637/898/4 500/761/4
f 638/899/3 74/147/3 501/762/3
f 504/765/3 501/762/3 190/321/3
f 73/146/3 638/899/3 504/765/3
f 639/900/2 71/142/2 505/766/2
f 508/769/2 505/766/2 191/322/2
f 70/141/2 639/900/2 508/769/2
f 640/901/1 68/137/1 509/770/1
f 512/773/1 509/770/1 192/323/1
f 66/134/1 640/901/1 512/773/1
f 290/488/1 4/10/1 292/491/1
f 294/495/2 6/14/2 295/496/2
f 297/500/3 8/18/3 298/501/3
f 300/505/4 10/22/4 301/506/4
f 303/510/5 12/26/5 304/511/5
f 306/515/6 14/30/6 307/516/6
f 309/520/7 16/34/7 310/521/7
f 312/525/8 18/38/8 313/526/8
f 315/530/9 20/42/9 316/531/9
f 318/535/10 22/46/10 319/536/10
f 321/540/11 24/50/11 322/541/11
f 324/545/12 26/54/12 325/546/12
f 327/550/13 28/58/13 328/551/13
f 330/555/14 30/62/14 331/556/14
f 333/560/15 32/66/15 334/561/15
f 336/565/16 34/70/16 337/566/16
f 624/885/17 339/570/17 36/74/17
f 623/884/18 342/575/18 38/78/18
f 622/883/19 345/580/19 40/82/19
f 621/882/20 348/585/20 42/86/20
f 620/881/21 351/590/21 44/90/21
f 619/880/22 354/595/22 46/94/22
f 618/879/23 357/600/23 48/98/23
f 617/878/24 360/605/24 50/102/24
f 616/877/25 363/610/25 52/106/25
f 615/876/26 366/615/26 54/110/26
f 614/875/27 369/620/27 56/114/27
f 613/874/28 372/625/28 58/118/28
f 612/873/29 375/630/29 60/122/29
f 611/872/30 378/635/30 62/126/30
f 198/333/35 4/9/35 290/487/35
f 198/333/36 290/487/36 66/133/36
f 294/494/36 70/140/36 73/145/36
f 70/140/37 198/333/37 66/133/37
f 201/338/38 6/13/38 294/494/38
f 8/17/31 297/499/31 204/343/31
f 297/499/31 73/145/31 204/343/31
f 73/145/39 201/338/39 294/494/39
f 70/140/39 66/133/39 73/145/39
f 194/326/39 2/4/39 384/644/39
f 66/133/39 194/326/39 384/644/39
f 76/150/39 73/145/39 160/290/39
f 76/150/40 204/343/40 73/145/40
f 10/21/39 300/504/39 207/348/39
f 300/504/39 76/150/39 207/348/39
f 303/509/41 79/155/41 210/353/41
f 79/155/42 207/348/42 76/150/42
f 210/353/43 79/155/43 82/160/43
f 160/290/39 73/145/39 66/133/39
f 66/133/39 384/644/39 160/290/39
f 160/290/36 288/483/36 381/639/36
f 288/483/38 64/129/38 381/639/38
f 12/25/39 303/509/39 210/353/39
f 306/514/31 82/160/31 213/358/31
f 213/358/31 82/160/31 85/165/31
f 160/290/39 79/155/39 76/150/39
f 157/285/36 285/478/36 378/634/36
f 285/478/35 62/125/35 378/634/35
f 160/290/31 381/639/31 157/285/31
f 79/155/39 160/290/39 82/160/39
f 14/29/39 306/514/39 213/358/39
f 85/165/39 82/160/39 157/285/39
f 160/290/39 157/285/39 82/160/39
f 157/285/39 378/634/39 154/280/39
f 16/33/44 309/519/44 216/363/44
f 309/519/39 85/165/39 216/363/39
f 157/285/39 154/280/39 151/275/39
f 154/280/31 282/473/31 151/275/31
f 282/473/31 60/121/31 375/629/31
f 151/275/39 279/468/39 372/624/39
f 279/468/40 58/117/40 372/624/40
f 282/473/39 375/629/39 151/275/39
f 85/165/39 157/285/39 151/275/39
f 312/524/41 88/170/41 91/175/41
f 88/170/43 216/363/43 85/165/43
f 219/368/42 18/37/42 312/524/42
f 91/175/43 219/368/43 312/524/43
f 88/170/39 85/165/39 91/175/39
f 148/270/43 276/463/43 369/619/43
f 276/463/39 56/113/39 369/619/39
f 151/275/38 372/624/38 148/270/38
f 85/165/39 151/275/39 91/175/39
f 315/529/39 91/175/39 94/180/39
f 222/373/31 20/41/31 315/529/31
f 22/45/39 318/534/39 225/378/39
f 318/534/31 94/180/31 225/378/31
f 94/180/41 222/373/41 315/529/41
f 91/175/39 151/275/39 94/180/39
f 151/275/39 148/270/39 145/265/39
f 369/619/41 145/265/41 148/270/41
f 145/265/31 273/458/31 366/614/31
f 94/180/39 145/265/39 100/190/39
f 97/185/31 225/378/31 94/180/31
f 94/180/39 151/275/39 145/265/39
f 273/458/40 54/109/40 366/614/40
f 366/614/31 142/260/31 145/265/31
f 100/190/39 142/260/39 103/195/39
f 270/453/45 52/105/45 363/609/45
f 142/260/39 100/190/39 145/265/39
f 142/260/39 270/453/39 363/609/39
f 321/539/41 97/185/41 100/190/41
f 97/185/39 94/180/39 100/190/39
f 228/383/40 24/49/40 321/539/40
f 100/190/43 228/383/43 321/539/43
f 142/260/46 363/609/46 139/255/46
f 139/255/41 267/448/41 136/250/41
f 267/448/40 50/101/40 360/604/40
f 139/255/39 103/195/39 142/260/39
f 100/190/39 103/195/39 324/544/39
f 231/388/39 26/53/39 324/544/39
f 103/195/39 139/255/39 136/250/39
f 360/604/47 136/250/47 267/448/47
f 103/195/39 136/250/39 106/200/39
f 264/443/31 48/97/31 357/599/31
f 136/250/48 264/443/48 357/599/48
f 103/195/43 231/388/43 324/544/43
f 28/57/31 327/549/31 234/393/31
f 327/549/39 103/195/39 234/393/39
f 136/250/35 357/599/35 133/245/35
f 127/235/49 130/240/49 258/433/49
f 133/245/31 261/438/31 130/240/31
f 136/250/39 133/245/39 106/200/39
f 261/438/39 46/93/39 354/594/39
f 354/594/31 130/240/31 261/438/31
f 258/433/42 44/89/42 351/589/42
f 351/589/39 127/235/39 258/433/39
f 127/235/39 255/428/39 124/230/39
f 255/428/39 42/85/39 348/584/39
f 124/230/42 252/423/42 345/579/42
f 252/423/31 40/81/31 345/579/31
f 255/428/42 348/584/42 124/230/42
f 133/245/39 130/240/39 127/235/39
f 234/393/31 103/195/31 106/200/31
f 30/61/42 330/554/42 237/398/42
f 330/554/40 106/200/40 237/398/40
f 133/245/39 127/235/39 106/200/39
f 106/200/39 127/235/39 124/230/39
f 345/579/31 121/225/31 124/230/31
f 121/225/38 249/418/38 118/220/38
f 124/230/39 121/225/39 115/215/39
f 249/418/38 38/77/38 342/574/38
f 342/574/36 118/220/36 249/418/36
f 118/220/50 246/413/50 115/215/50
f 246/413/39 36/73/39 339/569/39
f 246/413/36 339/569/36 115/215/36
f 121/225/39 118/220/39 115/215/39
f 109/205/51 237/398/51 106/200/51
f 32/65/39 333/559/39 240/403/39
f 333/559/52 109/205/52 240/403/52
f 112/210/51 240/403/51 109/205/51
f 243/408/39 34/69/39 336/564/39
f 336/564/39 112/210/39 243/408/39
f 124/230/39 109/205/39 106/200/39
f 115/215/39 243/408/39 112/210/39
f 124/230/39 115/215/39 109/205/39
f 610/871/32 381/640/32 64/130/32
f 609/870/33 384/645/33 2/5/33
f 287/481/34 1/3/34 289/485/34
f 289/485/34 65/131/34 287/481/34
f 65/131/53 193/324/53 69/138/53
f 287/481/34 65/131/34 159/288/34
f 193/324/34 3/7/34 293/492/34
f 293/492/54 69/138/54 193/324/54
f 69/138/53 197/331/53 72/143/53
f 197/331/55 5/11/55 296/497/55
f 72/143/56 200/336/56 299/502/56
f 200/336/56 7/15/56 299/502/56
f 197/331/57 296/497/57 72/143/57
f 159/288/56 65/131/56 69/138/56
f 63/127/34 383/642/34 284/476/34
f 383/642/58 159/288/58 284/476/58
f 69/138/34 72/143/34 159/288/34
f 75/148/59 203/341/59 302/507/59
f 203/341/34 9/19/34 302/507/34
f 72/143/55 299/502/55 75/148/55
f 380/637/58 156/283/58 153/278/58
f 156/283/60 284/476/60 159/288/60
f 281/471/57 61/123/57 380/637/57
f 377/632/56 153/278/56 150/273/56
f 153/278/61 281/471/61 380/637/61
f 278/466/56 59/119/56 377/632/56
f 57/115/34 374/627/34 275/461/34
f 374/627/62 150/273/62 275/461/62
f 150/273/61 278/466/61 377/632/61
f 150/273/34 153/278/34 156/283/34
f 156/283/34 159/288/34 150/273/34
f 159/288/34 72/143/34 75/148/34
f 78/153/59 206/346/59 305/512/59
f 206/346/63 11/23/63 305/512/63
f 75/148/34 302/507/34 78/153/34
f 159/288/34 75/148/34 150/273/34
f 55/111/62 371/622/62 272/456/62
f 371/622/34 147/268/34 272/456/34
f 147/268/34 275/461/34 150/273/34
f 75/148/34 78/153/34 147/268/34
f 305/512/62 81/158/62 78/153/62
f 81/158/56 209/351/56 308/517/56
f 147/268/34 78/153/34 141/258/34
f 147/268/34 150/273/34 75/148/34
f 368/617/56 144/263/56 141/258/56
f 144/263/59 272/456/59 147/268/59
f 269/451/34 53/107/34 368/617/34
f 141/258/56 269/451/56 368/617/56
f 144/263/34 147/268/34 141/258/34
f 141/258/34 78/153/34 81/158/34
f 81/158/56 308/517/56 84/163/56
f 209/351/34 13/27/34 308/517/34
f 84/163/34 212/356/34 87/168/34
f 138/253/34 141/258/34 81/158/34
f 365/612/34 141/258/34 138/253/34
f 266/446/56 51/103/56 365/612/56
f 49/99/59 362/607/59 263/441/59
f 362/607/64 138/253/64 263/441/64
f 138/253/65 266/446/65 365/612/65
f 81/158/34 84/163/34 138/253/34
f 212/356/56 15/31/56 311/522/56
f 311/522/66 87/168/66 212/356/66
f 87/168/62 215/361/62 90/173/62
f 215/361/61 17/35/61 314/527/61
f 215/361/64 314/527/64 90/173/64
f 84/163/34 87/168/34 90/173/34
f 263/441/62 138/253/62 135/248/62
f 359/602/62 135/248/62 132/243/62
f 135/248/34 90/173/34 132/243/34
f 135/248/34 138/253/34 90/173/34
f 90/173/59 218/366/59 93/178/59
f 218/366/67 19/39/67 317/532/67
f 93/178/56 221/371/56 320/537/56
f 221/371/61 21/43/61 320/537/61
f 218/366/34 317/532/34 93/178/34
f 84/163/34 90/173/34 138/253/34
f 132/243/34 90/173/34 93/178/34
f 260/436/68 47/95/68 359/602/68
f 356/597/56 132/243/56 129/238/56
f 132/243/34 260/436/34 359/602/34
f 257/431/63 45/91/63 356/597/63
f 353/592/62 129/238/62 126/233/62
f 129/238/56 257/431/56 356/597/56
f 254/426/34 43/87/34 353/592/34
f 126/233/59 254/426/59 353/592/59
f 126/233/34 129/238/34 123/228/34
f 320/537/56 96/183/56 93/178/56
f 96/183/59 224/376/59 99/188/59
f 132/243/34 96/183/34 129/238/34
f 123/228/34 129/238/34 120/223/34
f 251/421/63 41/83/63 350/587/63
f 350/587/59 126/233/59 251/421/59
f 251/421/34 126/233/34 123/228/34
f 132/243/34 93/178/34 96/183/34
f 224/376/34 23/47/34 323/542/34
f 39/79/56 347/582/56 248/416/56
f 347/582/34 123/228/34 120/223/34
f 120/223/34 129/238/34 99/188/34
f 96/183/34 99/188/34 129/238/34
f 224/376/62 323/542/62 99/188/62
f 347/582/60 120/223/60 248/416/60
f 37/75/34 344/577/34 245/411/34
f 344/577/34 120/223/34 245/411/34
f 99/188/61 227/381/61 102/193/61
f 120/223/34 99/188/34 102/193/34
f 227/381/55 25/51/55 326/547/55
f 102/193/34 230/386/34 329/552/34
f 230/386/56 27/55/56 329/552/56
f 227/381/34 326/547/34 102/193/34
f 117/218/53 245/411/53 120/223/53
f 242/406/57 35/71/57 341/572/57
f 341/572/56 117/218/56 114/213/56
f 117/218/34 120/223/34 102/193/34
f 105/198/34 233/391/34 332/557/34
f 233/391/57 29/59/57 332/557/57
f 102/193/60 329/552/60 105/198/60
f 117/218/34 102/193/34 105/198/34
f 114/213/58 242/406/58 341/572/58
f 239/401/34 33/67/34 338/567/34
f 338/567/34 114/213/34 239/401/34
f 239/401/34 114/213/34 111/208/34
f 117/218/34 105/198/34 114/213/34
f 332/557/58 108/203/58 105/198/58
f 108/203/54 236/396/54 335/562/54
f 236/396/55 31/63/55 335/562/55
f 335/562/58 111/208/58 108/203/58
f 111/208/34 114/213/34 105/198/34
f 608/869/33 385/646/33 67/135/33
f 607/868/33 386/647/33 161/292/33
f 606/867/33 288/484/33 160/291/33
f 605/866/32 389/650/32 158/287/32
f 604/865/32 390/651/32 162/293/32
f 603/864/32 285/479/32 157/286/32
f 602/863/30 393/654/30 155/282/30
f 601/862/30 394/655/30 163/294/30
f 600/861/30 282/474/30 154/281/30
f 599/860/29 397/658/29 152/277/29
f 598/859/29 398/659/29 164/295/29
f 597/858/29 279/469/29 151/276/29
f 596/857/28 401/662/28 149/272/28
f 595/856/28 402/663/28 165/296/28
f 594/855/28 276/464/28 148/271/28
f 593/854/27 405/666/27 146/267/27
f 592/853/27 406/667/27 166/297/27
f 591/852/27 273/459/27 145/266/27
f 590/851/26 409/670/26 143/262/26
f 589/850/26 410/671/26 167/298/26
f 588/849/26 270/454/26 142/261/26
f 587/848/25 413/674/25 140/257/25
f 586/847/25 414/675/25 168/299/25
f 585/846/25 267/449/25 139/256/25
f 584/845/24 417/678/24 137/252/24
f 583/844/24 418/679/24 169/300/24
f 582/843/24 264/444/24 136/251/24
f 581/842/23 421/682/23 134/247/23
f 580/841/23 422/683/23 170/301/23
f 579/840/23 261/439/23 133/246/23
f 578/839/22 425/686/22 131/242/22
f 577/838/22 426/687/22 171/302/22
f 576/837/22 258/434/22 130/241/22
f 575/836/21 429/690/21 128/237/21
f 574/835/21 430/691/21 172/303/21
f 573/834/21 255/429/21 127/236/21
f 572/833/20 433/694/20 125/232/20
f 571/832/20 434/695/20 173/304/20
f 570/831/20 252/424/20 124/231/20
f 569/830/19 437/698/19 122/227/19
f 568/829/19 438/699/19 174/305/19
f 567/828/19 249/419/19 121/226/19
f 566/827/18 441/702/18 119/222/18
f 565/826/18 442/703/18 175/306/18
f 564/825/18 246/414/18 118/221/18
f 563/824/17 445/706/17 116/217/17
f 562/823/17 446/707/17 176/307/17
f 561/822/17 243/409/17 115/216/17
f 449/710/16 113/212/16 241/405/16
f 450/711/16 177/308/16 451/712/16
f 240/404/16 112/211/16 452/713/16
f 453/714/15 110/207/15 238/400/15
f 454/715/15 178/309/15 455/716/15
f 237/399/15 109/206/15 456/717/15
f 457/718/14 107/202/14 235/395/14
f 458/719/14 179/310/14 459/720/14
f 234/394/14 106/201/14 460/721/14
f 461/722/13 104/197/13 232/390/13
f 462/723/13 180/311/13 463/724/13
f 231/389/13 103/196/13 464/725/13
f 465/726/12 101/192/12 229/385/12
f 466/727/12 181/312/12 467/728/12
f 228/384/12 100/191/12 468/729/12
f 469/730/11 98/187/11 226/380/11
f 470/731/11 182/313/11 471/732/11
f 225/379/11 97/186/11 472/733/11
f 473/734/10 95/182/10 223/375/10
f 474/735/10 183/314/10 475/736/10
f 222/374/10 94/181/10 476/737/10
f 477/738/9 92/177/9 220/370/9
f 478/739/9 184/315/9 479/740/9
f 219/369/9 91/176/9 480/741/9
f 481/742/8 89/172/8 217/365/8
f 482/743/8 185/316/8 483/744/8
f 216/364/8 88/171/8 484/745/8
f 485/746/7 86/167/7 214/360/7
f 486/747/7 186/317/7 487/748/7
f 213/359/7 85/166/7 488/749/7
f 489/750/6 83/162/6 211/355/6
f 490/751/6 187/318/6 491/752/6
f 210/354/6 82/161/6 492/753/6
f 493/754/5 80/157/5 208/350/5
f 494/755/5 188/319/5 495/756/5
f 207/349/5 79/156/5 496/757/5
f 497/758/4 77/152/4 205/345/4
f 498/759/4 189/320/4 499/760/4
f 204/344/4 76/151/4 500/761/4
f 501/762/3 74/147/3 202/340/3
f 502/763/3 190/321/3 503/764/3
f 201/339/3 73/146/3 504/765/3
f 505/766/2 71/142/2 199/335/2
f 506/767/2 191/322/2 507/768/2
f 198/334/2 70/141/2 508/769/2
f 509/770/1 68/137/1 196/330/1
f 510/771/1 192/323/1 511/772/1
f 194/327/1 66/134/1 512/773/1
f 513/774/1 512/773/1 192/323/1
f 195/328/1 513/774/1 510/771/1
f 2/6/1 194/327/1 513/774/1
f 514/775/1 511/772/1 65/132/1
f 291/489/1 514/775/1 289/486/1
f 67/136/1 510/771/1 514/775/1
f 515/776/1 196/330/1 3/8/1
f 511/772/1 515/776/1 193/325/1
f 192/323/1 509/770/1 515/776/1
f 516/777/2 508/769/2 191/322/2
f 292/491/2 516/777/2 506/767/2
f 4/10/2 198/334/2 516/777/2
f 517/778/2 507/768/2 69/139/2
f 196/330/2 517/778/2 293/493/2
f 68/137/2 506/767/2 517/778/2
f 518/779/2 199/335/2 5/12/2
f 507/768/2 518/779/2 197/332/2
f 191/322/2 505/766/2 518/779/2
f 519/780/3 504/765/3 190/321/3
f 295/496/3 519/780/3 502/763/3
f 6/14/3 201/339/3 519/780/3
f 520/781/3 503/764/3 72/144/3
f 199/335/3 520/781/3 296/498/3
f 71/142/3 502/763/3 520/781/3
f 521/782/3 202/340/3 7/16/3
f 503/764/3 521/782/3 200/337/3
f 190/321/3 501/762/3 521/782/3
f 522/783/4 500/761/4 189/320/4
f 298/501/4 522/783/4 498/759/4
f 8/18/4 204/344/4 522/783/4
f 523/784/4 499/760/4 75/149/4
f 202/340/4 523/784/4 299/503/4
f 74/147/4 498/759/4 523/784/4
f 524/785/4 205/345/4 9/20/4
f 499/760/4 524/785/4 203/342/4
f 189/320/4 497/758/4 524/785/4
f 525/786/5 496/757/5 188/319/5
f 301/506/5 525/786/5 494/755/5
f 10/22/5 207/349/5 525/786/5
f 526/787/5 495/756/5 78/154/5
f 205/345/5 526/787/5 302/508/5
f 77/152/5 494/755/5 526/787/5
f 527/788/5 208/350/5 11/24/5
f 495/756/5 527/788/5 206/347/5
f 188/319/5 493/754/5 527/788/5
f 528/789/6 492/753/6 187/318/6
f 304/511/6 528/789/6 490/751/6
f 12/26/6 210/354/6 528/789/6
f 529/790/6 491/752/6 81/159/6
f 208/350/6 529/790/6 305/513/6
f 80/157/6 490/751/6 529/790/6
f 530/791/6 211/355/6 13/28/6
f 491/752/6 530/791/6 209/352/6
f 187/318/6 489/750/6 530/791/6
f 531/792/7 488/749/7 186/317/7
f 307/516/7 531/792/7 486/747/7
f 14/30/7 213/359/7 531/792/7
f 532/793/7 487/748/7 84/164/7
f 211/355/7 532/793/7 308/518/7
f 83/162/7 486/747/7 532/793/7
f 533/794/7 214/360/7 15/32/7
f 487/748/7 533/794/7 212/357/7
f 186/317/7 485/746/7 533/794/7
f 534/795/8 484/745/8 185/316/8
f 310/521/8 534/795/8 482/743/8
f 16/34/8 216/364/8 534/795/8
f 535/796/8 483/744/8 87/169/8
f 214/360/8 535/796/8 311/523/8
f 86/167/8 482/743/8 535/796/8
f 536/797/8 217/365/8 17/36/8
f 483/744/8 536/797/8 215/362/8
f 185/316/8 481/742/8 536/797/8
f 537/798/9 480/741/9 184/315/9
f 313/526/9 537/798/9 478/739/9
f 18/38/9 219/369/9 537/798/9
f 538/799/9 479/740/9 90/174/9
f 217/365/9 538/799/9 314/528/9
f 89/172/9 478/739/9 538/799/9
f 539/800/9 220/370/9 19/40/9
f 479/740/9 539/800/9 218/367/9
f 184/315/9 477/738/9 539/800/9
f 540/801/10 476/737/10 183/314/10
f 316/531/10 540/801/10 474/735/10
f 20/42/10 222/374/10 540/801/10
f 541/802/10 475/736/10 93/179/10
f 220/370/10 541/802/10 317/533/10
f 92/177/10 474/735/10 541/802/10
f 542/803/10 223/375/10 21/44/10
f 475/736/10 542/803/10 221/372/10
f 183/314/10 473/734/10 542/803/10
f 543/804/11 472/733/11 182/313/11
f 319/536/11 543/804/11 470/731/11
f 22/46/11 225/379/11 543/804/11
f 544/805/11 471/732/11 96/184/11
f 223/375/11 544/805/11 320/538/11
f 95/182/11 470/731/11 544/805/11
f 545/806/11 226/380/11 23/48/11
f 471/732/11 545/806/11 224/377/11
f 182/313/11 469/730/11 545/806/11
f 546/807/12 468/729/12 181/312/12
f 322/541/12 546/807/12 466/727/12
f 24/50/12 228/384/12 546/807/12
f 547/808/12 467/728/12 99/189/12
f 226/380/12 547/808/12 323/543/12
f 98/187/12 466/727/12 547/808/12
f 548/809/12 229/385/12 25/52/12
f 467/728/12 548/809/12 227/382/12
f 181/312/12 465/726/12 548/809/12
f 549/810/13 464/725/13 180/311/13
f 325/546/13 549/810/13 462/723/13
f 26/54/13 231/389/13 549/810/13
f 550/811/13 463/724/13 102/194/13
f 229/385/13 550/811/13 326/548/13
f 101/192/13 462/723/13 550/811/13
f 551/812/13 232/390/13 27/56/13
f 463/724/13 551/812/13 230/387/13
f 180/311/13 461/722/13 551/812/13
f 552/813/14 460/721/14 179/310/14
f 328/551/14 552/813/14 458/719/14
f 28/58/14 234/394/14 552/813/14
f 553/814/14 459/720/14 105/199/14
f 232/390/14 553/814/14 329/553/14
f 104/197/14 458/719/14 553/814/14
f 554/815/14 235/395/14 29/60/14
f 459/720/14 554/815/14 233/392/14
f 179/310/14 457/718/14 554/815/14
f 555/816/15 456/717/15 178/309/15
f 331/556/15 555/816/15 454/715/15
f 30/62/15 237/399/15 555/816/15
f 556/817/15 455/716/15 108/204/15
f 235/395/15 556/817/15 332/558/15
f 107/202/15 454/715/15 556/817/15
f 557/818/15 238/400/15 31/64/15
f 455/716/15 557/818/15 236/397/15
f 178/309/15 453/714/15 557/818/15
f 558/819/16 452/713/16 177/308/16
f 334/561/16 558/819/16 450/711/16
f 32/66/16 240/404/16 558/819/16
f 559/820/16 451/712/16 111/209/16
f 238/400/16 559/820/16 335/563/16
f 110/207/16 450/711/16 559/820/16
f 560/821/16 241/405/16 33/68/16
f 451/712/16 560/821/16 239/402/16
f 177/308/16 449/710/16 560/821/16
f 446/707/17 561/822/17 448/709/17
f 113/212/17 337/566/17 561/822/17
f 337/566/17 34/70/17 243/409/17
f 338/568/17 562/823/17 447/708/17
f 33/68/17 241/405/17 562/823/17
f 241/405/17 113/212/17 446/707/17
f 242/407/17 563/824/17 244/410/17
f 114/214/17 447/708/17 563/824/17
f 447/708/17 176/307/17 445/706/17
f 442/703/18 564/825/18 444/705/18
f 116/217/18 340/571/18 564/825/18
f 340/571/18 36/74/18 246/414/18
f 341/573/18 565/826/18 443/704/18
f 35/72/18 244/410/18 565/826/18
f 244/410/18 116/217/18 442/703/18
f 245/412/18 566/827/18 247/415/18
f 117/219/18 443/704/18 566/827/18
f 443/704/18 175/306/18 441/702/18
f 438/699/19 567/828/19 440/701/19
f 119/222/19 343/576/19 567/828/19
f 343/576/19 38/78/19 249/419/19
f 344/578/19 568/829/19 439/700/19
f 37/76/19 247/415/19 568/829/19
f 247/415/19 119/222/19 438/699/19
f 248/417/19 569/830/19 250/420/19
f 120/224/19 439/700/19 569/830/19
f 439/700/19 174/305/19 437/698/19
f 434/695/20 570/831/20 436/697/20
f 122/227/20 346/581/20 570/831/20
f 346/581/20 40/82/20 252/424/20
f 347/583/20 571/832/20 435/696/20
f 39/80/20 250/420/20 571/832/20
f 250/420/20 122/227/20 434/695/20
f 251/422/20 572/833/20 253/425/20
f 123/229/20 435/696/20 572/833/20
f 435/696/20 173/304/20 433/694/20
f 430/691/21 573/834/21 432/693/21
f 125/232/21 349/586/21 573/834/21
f 349/586/21 42/86/21 255/429/21
f 350/588/21 574/835/21 431/692/21
f 41/84/21 253/425/21 574/835/21
f 253/425/21 125/232/21 430/691/21
f 254/427/21 575/836/21 256/430/21
f 126/234/21 431/692/21 575/836/21
f 431/692/21 172/303/21 429/690/21
f 426/687/22 576/837/22 428/689/22
f 128/237/22 352/591/22 576/837/22
f 352/591/22 44/90/22 258/434/22
f 353/593/22 577/838/22 427/688/22
f 43/88/22 256/430/22 577/838/22
f 256/430/22 128/237/22 426/687/22
f 257/432/22 578/839/22 259/435/22
f 129/239/22 427/688/22 578/839/22
f 427/688/22 171/302/22 425/686/22
f 422/683/23 579/840/23 424/685/23
f 131/242/23 355/596/23 579/840/23
f 355/596/23 46/94/23 261/439/23
f 356/598/23 580/841/23 423/684/23
f 45/92/23 259/435/23 580/841/23
f 259/435/23 131/242/23 422/683/23
f 260/437/23 581/842/23 262/440/23
f 132/244/23 423/684/23 581/842/23
f 423/684/23 170/301/23 421/682/23
f 418/679/24 582/843/24 420/681/24
f 134/247/24 358/601/24 582/843/24
f 358/601/24 48/98/24 264/444/24
f 359/603/24 583/844/24 419/680/24
f 47/96/24 262/440/24 583/844/24
f 262/440/24 134/247/24 418/679/24
f 263/442/24 584/845/24 265/445/24
f 135/249/24 419/680/24 584/845/24
f 419/680/24 169/300/24 417/678/24
f 414/675/25 585/846/25 416/677/25
f 137/252/25 361/606/25 585/846/25
f 361/606/25 50/102/25 267/449/25
f 362/608/25 586/847/25 415/676/25
f 49/100/25 265/445/25 586/847/25
f 265/445/25 137/252/25 414/675/25
f 266/447/25 587/848/25 268/450/25
f 138/254/25 415/676/25 587/848/25
f 415/676/25 168/299/25 413/674/25
f 410/671/26 588/849/26 412/673/26
f 140/257/26 364/611/26 588/849/26
f 364/611/26 52/106/26 270/454/26
f 365/613/26 589/850/26 411/672/26
f 51/104/26 268/450/26 589/850/26
f 268/450/26 140/257/26 410/671/26
f 269/452/26 590/851/26 271/455/26
f 141/259/26 411/672/26 590/851/26
f 411/672/26 167/298/26 409/670/26
f 406/667/27 591/852/27 408/669/27
f 143/262/27 367/616/27 591/852/27
f 367/616/27 54/110/27 273/459/27
f 368/618/27 592/853/27 407/668/27
f 53/108/27 271/455/27 592/853/27
f 271/455/27 143/262/27 406/667/27
f 272/457/27 593/854/27 274/460/27
f 144/264/27 407/668/27 593/854/27
f 407/668/27 166/297/27 405/666/27
f 402/663/28 594/855/28 404/665/28
f 146/267/28 370/621/28 594/855/28
f 370/621/28 56/114/28 276/464/28
f 371/623/28 595/856/28 403/664/28
f 55/112/28 274/460/28 595/856/28
f 274/460/28 146/267/28 402/663/28
f 275/462/28 596/857/28 277/465/28
f 147/269/28 403/664/28 596/857/28
f 403/664/28 165/296/28 401/662/28
f 398/659/29 597/858/29 400/661/29
f 149/272/29 373/626/29 597/858/29
f 373/626/29 58/118/29 279/469/29
f 374/628/29 598/859/29 399/660/29
f 57/116/29 277/465/29 598/859/29
f 277/465/29 149/272/29 398/659/29
f 278/467/29 599/860/29 280/470/29
f 150/274/29 399/660/29 599/860/29
f 399/660/29 164/295/29 397/658/29
f 394/655/30 600/861/30 396/657/30
f 152/277/30 376/631/30 600/861/30
f 376/631/30 60/122/30 282/474/30
f 377/633/30 601/862/30 395/656/30
f 59/120/30 280/470/30 601/862/30
f 280/470/30 152/277/30 394/655/30
f 281/472/30 602/863/30 283/475/30
f 153/279/30 395/656/30 602/863/30
f 395/656/30 163/294/30 393/654/30
f 390/651/32 603/864/32 392/653/32
f 155/282/32 379/636/32 603/864/32
f 379/636/32 62/126/32 285/479/32
f 380/638/32 604/865/32 391/652/32
f 61/124/32 283/475/32 604/865/32
f 283/475/32 155/282/32 390/651/32
f 284/477/32 605/866/32 286/480/32
f 156/284/32 391/652/32 605/866/32
f 391/652/32 162/293/32 389/650/32
f 386/647/33 606/867/33 388/649/33
f 158/287/33 382/641/33 606/867/33
f 382/641/33 64/130/33 288/484/33
f 383/643/33 607/868/33 387/648/33
f 63/128/33 286/480/33 607/868/33
f 286/480/33 158/287/33 386/647/33
f 287/482/33 608/869/33 291/490/33
f 159/289/33 387/648/33 608/869/33
f 387/648/33 161/292/33 385/646/33
f 385/646/33 609/870/33 195/329/33
f 161/292/33 388/649/33 609/870/33
f 388/649/33 160/291/33 384/645/33
f 389/650/32 610/871/32 382/641/32
f 162/293/32 392/653/32 610/871/32
f 392/653/32 157/286/32 381/640/32
f 393/654/30 611/872/30 379/636/30
f 163/294/30 396/657/30 611/872/30
f 396/657/30 154/281/30 378/635/30
f 397/658/29 612/873/29 376/631/29
f 164/295/29 400/661/29 612/873/29
f 400/661/29 151/276/29 375/630/29
f 401/662/28 613/874/28 373/626/28
f 165/296/28 404/665/28 613/874/28
f 404/665/28 148/271/28 372/625/28
f 405/666/27 614/875/27 370/621/27
f 166/297/27 408/669/27 614/875/27
f 408/669/27 145/266/27 369/620/27
f 409/670/26 615/876/26 367/616/26
f 167/298/26 412/673/26 615/876/26
f 412/673/26 142/261/26 366/615/26
f 413/674/25 616/877/25 364/611/25
f 168/299/25 416/677/25 616/877/25
f 416/677/25 139/256/25 363/610/25
f 417/678/24 617/878/24 361/606/24
f 169/300/24 420/681/24 617/878/24
f 420/681/24 136/251/24 360/605/24
f 421/682/23 618/879/23 358/601/23
f 170/301/23 424/685/23 618/879/23
f 424/685/23 133/246/23 357/600/23
f 425/686/22 619/880/22 355/596/22
f 171/302/22 428/689/22 619/880/22
f 428/689/22 130/241/22 354/595/22
f 429/690/21 620/881/21 352/591/21
f 172/303/21 432/693/21 620/881/21
f 432/693/21 127/236/21 351/590/21
f 433/694/20 621/882/20 349/586/20
f 173/304/20 436/697/20 621/882/20
f 436/697/20 124/231/20 348/585/20
f 437/698/19 622/883/19 346/581/19
f 174/305/19 440/701/19 622/883/19
f 440/701/19 121/226/19 345/580/19
f 441/702/18 623/884/18 343/576/18
f 175/306/18 444/705/18 623/884/18
f 444/705/18 118/221/18 342/575/18
f 445/706/17 624/885/17 340/571/17
f 176/307/17 448/709/17 624/885/17
f 448/709/17 115/216/17 339/570/17
f 625/886/16 337/566/16 113/212/16
f 452/713/16 625/886/16 449/710/16
f 112/211/16 336/565/16 625/886/16
f 626/887/15 334/561/15 110/207/15
f 456/717/15 626/887/15 453/714/15
f 109/206/15 333/560/15 626/887/15
f 627/888/14 331/556/14 107/202/14
f 460/721/14 627/888/14 457/718/14
f 106/201/14 330/555/14 627/888/14
f 628/889/13 328/551/13 104/197/13
f 464/725/13 628/889/13 461/722/13
f 103/196/13 327/550/13 628/889/13
f 629/890/12 325/546/12 101/192/12
f 468/729/12 629/890/12 465/726/12
f 100/191/12 324/545/12 629/890/12
f 630/891/11 322/541/11 98/187/11
f 472/733/11 630/891/11 469/730/11
f 97/186/11 321/540/11 630/891/11
f 631/892/10 319/536/10 95/182/10
f 476/737/10 631/892/10 473/734/10
f 94/181/10 318/535/10 631/892/10
f 632/893/9 316/531/9 92/177/9
f 480/741/9 632/893/9 477/738/9
f 91/176/9 315/530/9 632/893/9
f 633/894/8 313/526/8 89/172/8
f 484/745/8 633/894/8 481/742/8
f 88/171/8 312/525/8 633/894/8
f 634/895/7 310/521/7 86/167/7
f 488/749/7 634/895/7 485/746/7
f 85/166/7 309/520/7 634/895/7
f 635/896/6 307/516/6 83/162/6
f 492/753/6 635/896/6 489/750/6
f 82/161/6 306/515/6 635/896/6
f 636/897/5 304/511/5 80/157/5
f 496/757/5 636/897/5 493/754/5
f 79/156/5 303/510/5 636/897/5
f 637/898/4 301/506/4 77/152/4
f 500/761/4 637/898/4 497/758/4
f 76/151/4 300/505/4 637/898/4
f 638/899/3 298/501/3 74/147/3
f 504/765/3 638/899/3 501/762/3
f 73/146/3 297/500/3 638/899/3
f 639/900/2 295/496/2 71/142/2
f 508/769/2 639/900/2 505/766/2
f 70/141/2 294/495/2 639/900/2
f 640/901/1 292/491/1 68/137/1
f 512/773/1 640/901/1 509/770/1
f 66/134/1 290/488/1 640/901/1
o Cylinder.001
v -0.126191 0.592986 7.144264
v -0.126191 0.592986 9.306400
v -0.004432 0.580994 7.144264
v -0.004432 0.580994 9.306400
v 0.112647 0.545479 7.144264
v 0.112647 0.545479 9.306400
v 0.220548 0.487805 7.144264
v 0.220548 0.487804 9.306400
v 0.315123 0.410188 7.144264
v 0.315123 0.410188 9.306400
v 0.392740 0.315612 7.144264
v 0.392740 0.315612 9.306400
v 0.450414 0.207712 7.144264
v 0.450414 0.207712 9.306400
v 0.485929 0.090633 7.144264
v 0.485929 0.090632 9.306400
v 0.497922 -0.031126 7.144264
v 0.497922 -0.031126 9.306400
v 0.485929 -0.152884 7.144264
v 0.485929 -0.152884 9.306400
v 0.450414 -0.269963 7.144264
v 0.450414 -0.269963 9.306400
v 0.392740 -0.377864 7.144264
v 0.392740 -0.377864 9.306400
v 0.315123 -0.472440 7.144264
v 0.315123 -0.472440 9.306400
v 0.220548 -0.550056 7.144264
v 0.220548 -0.550056 9.306400
v 0.112647 -0.607730 7.144264
v 0.112647 -0.607730 9.306400
v -0.004432 -0.643246 7.144264
v -0.004432 -0.643246 9.306400
v -0.126191 -0.655238 7.144264
v -0.126191 -0.655238 9.306400
v -0.247949 -0.643246 7.144264
v -0.247949 -0.643246 9.306400
v -0.365028 -0.607730 7.144264
v -0.365028 -0.607730 9.306400
v -0.472929 -0.550056 7.144264
v -0.472929 -0.550056 9.306400
v -0.567504 -0.472440 7.144264
v -0.567504 -0.472440 9.306400
v -0.645121 -0.377864 7.144264
v -0.645121 -0.377864 9.306400
v -0.702795 -0.269963 7.144264
v -0.702795 -0.269963 9.306400
v -0.738311 -0.152884 7.144264
v -0.738311 -0.152884 9.306400
v -0.750303 -0.031126 7.144264
v -0.750303 -0.031126 9.306400
v -0.738311 0.090633 7.144264
v -0.738311 0.090632 9.306400
v -0.702795 0.207712 7.144264
v -0.702795 0.207712 9.306400
v -0.645121 0.315612 7.144264
v -0.645121 0.315612 9.306400
v -0.567504 0.410188 7.144264
v -0.567504 0.410188 9.306400
v -0.472929 0.487805 7.144264
v -0.472929 0.487804 9.306400
v -0.365028 0.545479 7.144264
v -0.365028 0.545479 9.306400
v -0.247949 0.580994 7.144264
v -0.247949 0.580994 9.306400
v -0.065311 0.586990 7.144264
v -0.065311 0.586990 9.306400
v -0.126191 0.592986 8.225332
v -0.004432 0.580994 8.225332
v 0.054107 0.563236 7.144264
v 0.054107 0.563236 9.306400
v 0.112647 0.545479 8.225332
v 0.166597 0.516642 7.144264
v 0.166597 0.516641 9.306400
v 0.220548 0.487805 8.225332
v 0.267835 0.448996 7.144264
v 0.267835 0.448996 9.306400
v 0.315123 0.410188 8.225332
v 0.353932 0.362900 7.144264
v 0.353932 0.362900 9.306400
v 0.392740 0.315612 8.225332
v 0.421577 0.261662 7.144264
v 0.421577 0.261662 9.306400
v 0.450414 0.207712 8.225332
v 0.468172 0.149172 7.144264
v 0.468172 0.149172 9.306400
v 0.485929 0.090632 8.225332
v 0.491925 0.029753 7.144264
v 0.491925 0.029753 9.306400
v 0.497922 -0.031126 8.225332
v 0.491925 -0.092005 7.144264
v 0.491925 -0.092005 9.306400
v 0.485929 -0.152884 8.225332
v 0.468172 -0.211424 7.144264
v 0.468172 -0.211424 9.306400
v 0.450414 -0.269963 8.225332
v 0.421577 -0.323913 7.144264
v 0.421577 -0.323914 9.306400
v 0.392740 -0.377864 8.225332
v 0.353932 -0.425152 7.144264
v 0.353932 -0.425152 9.306400
v 0.315123 -0.472440 8.225332
v 0.267835 -0.511248 7.144264
v 0.267835 -0.511248 9.306400
v 0.220548 -0.550056 8.225332
v 0.166597 -0.578893 7.144264
v 0.166597 -0.578893 9.306400
v 0.112647 -0.607730 8.225332
v 0.054107 -0.625488 7.144264
v 0.054107 -0.625488 9.306400
v -0.004432 -0.643246 8.225332
v -0.065311 -0.649242 7.144264
v -0.065311 -0.649242 9.306400
v -0.126191 -0.655238 8.225332
v -0.187070 -0.649242 7.144264
v -0.187070 -0.649242 9.306400
v -0.247949 -0.643246 8.225332
v -0.306488 -0.625488 7.144264
v -0.306488 -0.625488 9.306400
v -0.365028 -0.607730 8.225332
v -0.418978 -0.578893 7.144264
v -0.418978 -0.578893 9.306400
v -0.472929 -0.550056 8.225332
v -0.520217 -0.511248 7.144264
v -0.520217 -0.511248 9.306400
v -0.567504 -0.472440 8.225332
v -0.606313 -0.425152 7.144264
v -0.606313 -0.425152 9.306400
v -0.645121 -0.377864 8.225332
v -0.673958 -0.323913 7.144264
v -0.673958 -0.323914 9.306400
v -0.702795 -0.269963 8.225332
v -0.720553 -0.211424 7.144264
v -0.720553 -0.211424 9.306400
v -0.738311 -0.152884 8.225332
v -0.744307 -0.092005 7.144264
v -0.744307 -0.092005 9.306400
v -0.750303 -0.031126 8.225332
v -0.744307 0.029753 7.144264
v -0.744307 0.029753 9.306400
v -0.738311 0.090632 8.225332
v -0.720553 0.149172 7.144264
v -0.720553 0.149172 9.306400
v -0.702795 0.207712 8.225332
v -0.673958 0.261662 7.144264
v -0.673958 0.261662 9.306400
v -0.645121 0.315612 8.225332
v -0.606313 0.362900 7.144264
v -0.606313 0.362900 9.306400
v -0.567504 0.410188 8.225332
v -0.520217 0.448996 7.144264
v -0.520217 0.448996 9.306400
v -0.472929 0.487805 8.225332
v -0.418978 0.516642 7.144264
v -0.418978 0.516641 9.306400
v -0.365028 0.545479 8.225332
v -0.306488 0.563236 7.144264
v -0.306488 0.563236 9.306400
v -0.247949 0.580994 8.225332
v -0.187070 0.586990 7.144264
v -0.187070 0.586990 9.306400
v -0.187070 0.586990 8.225332
v -0.306488 0.563236 8.225332
v -0.418978 0.516642 8.225332
v -0.520217 0.448996 8.225332
v -0.606313 0.362900 8.225332
v -0.673958 0.261662 8.225332
v -0.720553 0.149172 8.225332
v -0.744307 0.029753 8.225332
v -0.744307 -0.092005 8.225332
v -0.720553 -0.211424 8.225332
v -0.673958 -0.323914 8.225332
v -0.606313 -0.425152 8.225332
v -0.520217 -0.511248 8.225332
v -0.418978 -0.578893 8.225332
v -0.306488 -0.625488 8.225332
v -0.187070 -0.649242 8.225332
v -0.065311 -0.649242 8.225332
v 0.054107 -0.625488 8.225332
v 0.166597 -0.578893 8.225332
v 0.267835 -0.511248 8.225332
v 0.353932 -0.425152 8.225332
v 0.421577 -0.323914 8.225332
v 0.468172 -0.211424 8.225332
v 0.491925 -0.092005 8.225332
v 0.491925 0.029753 8.225332
v 0.468172 0.149172 8.225332
v 0.421577 0.261662 8.225332
v 0.353932 0.362900 8.225332
v 0.267835 0.448996 8.225332
v 0.166597 0.516642 8.225332
v 0.054107 0.563236 8.225332
v -0.065311 0.586990 8.225332
v 4.275103 0.194678 1.340936
v -0.177156 -0.016307 9.584332
vn 0.0980 0.9952 -0.0000
vn 0.2903 0.9569 -0.0000
vn 0.4714 0.8819 -0.0000
vn 0.6344 0.7730 -0.0000
vn 0.7730 0.6344 -0.0000
vn 0.8819 0.4714 -0.0000
vn 0.9569 0.2903 -0.0000
vn 0.9952 0.0980 -0.0000
vn 0.9952 -0.0980 -0.0000
vn 0.9569 -0.2903 -0.0000
vn 0.8819 -0.4714 -0.0000
vn 0.7730 -0.6344 -0.0000
vn 0.6344 -0.7730 -0.0000
vn 0.4714 -0.8819 -0.0000
vn 0.2903 -0.9569 -0.0000
vn 0.0980 -0.9952 -0.0000
vn -0.0980 -0.9952 -0.0000
vn -0.2903 -0.9569 -0.0000
vn -0.4714 -0.8819 -0.0000
vn -0.6344 -0.7730 -0.0000
vn -0.7730 -0.6344 -0.0000
vn -0.8819 -0.4714 -0.0000
vn -0.9569 -0.2903 -0.0000
vn -0.9952 -0.0980 -0.0000
vn -0.9952 0.0980 -0.0000
vn -0.9569 0.2903 -0.0000
vn -0.8819 0.4714 -0.0000
vn -0.7730 0.6344 -0.0000
vn -0.6344 0.7730 -0.0000
vn -0.4714 0.8819 -0.0000
vn -0.4350 -0.0428 0.8994
vn -0.2903 0.9569 -0.0000
vn -0.0980 0.9952 -0.0000
vn -0.0000 -0.0000 -1.0000
vn -0.3870 0.2068 0.8986
vn 0.3687 0.1119 0.9228
vn 0.3647 -0.1106 0.9245
vn 0.0390 -0.3960 0.9174
vn -0.1954 -0.3656 0.9100
vn -0.4368 0.0430 0.8985
vn -0.3377 0.2771 0.8995
vn 0.1185 0.3905 0.9129
vn 0.3811 0.0375 0.9238
vn 0.3366 -0.1799 0.9243
vn -0.0395 -0.4012 0.9151
vn -0.2666 -0.3248 0.9074
vn -0.4206 0.1276 0.8982
vn -0.2752 0.3353 0.9010
vn 0.1897 0.3550 0.9154
vn 0.3797 -0.0374 0.9243
vn 0.2962 -0.2431 0.9237
vn -0.1187 -0.3912 0.9126
vn -0.3289 -0.2699 0.9050
vn 0.0406 0.4119 0.9103
vn -0.2026 0.3790 0.9030
vn 0.2520 0.3071 0.9177
vn 0.2447 -0.2981 0.9226
vn -0.3794 -0.2028 0.9027
vn -0.1233 0.4066 0.9052
vn 0.3035 0.2491 0.9197
vn 0.1834 -0.3431 0.9212
vn -0.4155 -0.1260 0.9008
vn -0.0411 0.4175 0.9077
vn 0.3427 0.1832 0.9214
vn 0.1141 -0.3762 0.9195
vt 1.000000 0.500000
vt 0.750000 0.490000
vt 0.000000 0.500000
vt 0.000000 1.000000
vt 1.000000 1.000000
vt 0.796822 0.485388
vt 0.968750 0.500000
vt 0.968750 1.000000
vt 0.841844 0.471731
vt 0.937500 0.500000
vt 0.937500 1.000000
vt 0.883337 0.449553
vt 0.906250 0.500000
vt 0.906250 1.000000
vt 0.919706 0.419706
vt 0.875000 0.500000
vt 0.875000 1.000000
vt 0.949553 0.383337
vt 0.843750 0.500000
vt 0.843750 1.000000
vt 0.971731 0.341844
vt 0.812500 0.500000
vt 0.812500 1.000000
vt 0.985388 0.296822
vt 0.781250 0.500000
vt 0.781250 1.000000
vt 0.990000 0.250000
vt 0.750000 0.500000
vt 0.750000 1.000000
vt 0.985388 0.203178
vt 0.718750 0.500000
vt 0.718750 1.000000
vt 0.971731 0.158156
vt 0.687500 0.500000
vt 0.687500 1.000000
vt 0.949553 0.116663
vt 0.656250 0.500000
vt 0.656250 1.000000
vt 0.919706 0.080294
vt 0.625000 0.500000
vt 0.625000 1.000000
vt 0.883337 0.050447
vt 0.593750 0.500000
vt 0.593750 1.000000
vt 0.841844 0.028269
vt 0.562500 0.500000
vt 0.562500 1.000000
vt 0.796822 0.014612
vt 0.531250 0.500000
vt 0.531250 1.000000
vt 0.750000 0.010000
vt 0.500000 0.500000
vt 0.500000 1.000000
vt 0.703178 0.014612
vt 0.468750 0.500000
vt 0.468750 1.000000
vt 0.658156 0.028269
vt 0.437500 0.500000
vt 0.437500 1.000000
vt 0.616663 0.050447
vt 0.406250 0.500000
vt 0.406250 1.000000
vt 0.580294 0.080294
vt 0.375000 0.500000
vt 0.375000 1.000000
vt 0.550447 0.116663
vt 0.343750 0.500000
vt 0.343750 1.000000
vt 0.528269 0.158156
vt 0.312500 0.500000
vt 0.312500 1.000000
vt 0.514612 0.203178
vt 0.281250 0.500000
vt 0.281250 1.000000
vt 0.510000 0.250000
vt 0.250000 0.500000
vt 0.250000 1.000000
vt 0.514612 0.296822
vt 0.218750 0.500000
vt 0.218750 1.000000
vt 0.528269 0.341844
vt 0.187500 0.500000
vt 0.187500 1.000000
vt 0.550447 0.383337
vt 0.156250 0.500000
vt 0.156250 1.000000
vt 0.580294 0.419706
vt 0.125000 0.500000
vt 0.125000 1.000000
vt 0.616663 0.449553
vt 0.093750 0.500000
vt 0.093750 1.000000
vt 0.658156 0.471731
vt 0.062500 0.500000
vt 0.062500 1.000000
vt 0.703178 0.485388
vt 0.031250 0.500000
vt 0.031250 1.000000
vt 0.773411 0.487694
vt 0.984375 0.500000
vt 0.984375 1.000000
vt 0.000000 0.750000
vt 1.000000 0.750000
vt 0.968750 0.750000
vt 0.819333 0.478560
vt 0.953125 0.500000
vt 0.953125 1.000000
vt 0.937500 0.750000
vt 0.862590 0.460642
vt 0.921875 0.500000
vt 0.921875 1.000000
vt 0.906250 0.750000
vt 0.901521 0.434629
vt 0.890625 0.500000
vt 0.890625 1.000000
vt 0.875000 0.750000
vt 0.934629 0.401521
vt 0.859375 0.500000
vt 0.859375 1.000000
vt 0.843750 0.750000
vt 0.960642 0.362590
vt 0.828125 0.500000
vt 0.828125 1.000000
vt 0.812500 0.750000
vt 0.978560 0.319333
vt 0.796875 0.500000
vt 0.796875 1.000000
vt 0.781250 0.750000
vt 0.987694 0.273411
vt 0.765625 0.500000
vt 0.765625 1.000000
vt 0.750000 0.750000
vt 0.987694 0.226589
vt 0.734375 0.500000
vt 0.734375 1.000000
vt 0.718750 0.750000
vt 0.978560 0.180667
vt 0.703125 0.500000
vt 0.703125 1.000000
vt 0.687500 0.750000
vt 0.960642 0.137410
vt 0.671875 0.500000
vt 0.671875 1.000000
vt 0.656250 0.750000
vt 0.934629 0.098479
vt 0.640625 0.500000
vt 0.640625 1.000000
vt 0.625000 0.750000
vt 0.901521 0.065371
vt 0.609375 0.500000
vt 0.609375 1.000000
vt 0.593750 0.750000
vt 0.862590 0.039358
vt 0.578125 0.500000
vt 0.578125 1.000000
vt 0.562500 0.750000
vt 0.819333 0.021440
vt 0.546875 0.500000
vt 0.546875 1.000000
vt 0.531250 0.750000
vt 0.773411 0.012306
vt 0.515625 0.500000
vt 0.515625 1.000000
vt 0.500000 0.750000
vt 0.726589 0.012306
vt 0.484375 0.500000
vt 0.484375 1.000000
vt 0.468750 0.750000
vt 0.680667 0.021440
vt 0.453125 0.500000
vt 0.453125 1.000000
vt 0.437500 0.750000
vt 0.637410 0.039358
vt 0.421875 0.500000
vt 0.421875 1.000000
vt 0.406250 0.750000
vt 0.598479 0.065371
vt 0.390625 0.500000
vt 0.390625 1.000000
vt 0.375000 0.750000
vt 0.565371 0.098479
vt 0.359375 0.500000
vt 0.359375 1.000000
vt 0.343750 0.750000
vt 0.539358 0.137410
vt 0.328125 0.500000
vt 0.328125 1.000000
vt 0.312500 0.750000
vt 0.521440 0.180667
vt 0.296875 0.500000
vt 0.296875 1.000000
vt 0.281250 0.750000
vt 0.512306 0.226589
vt 0.265625 0.500000
vt 0.265625 1.000000
vt 0.250000 0.750000
vt 0.512306 0.273411
vt 0.234375 0.500000
vt 0.234375 1.000000
vt 0.218750 0.750000
vt 0.521440 0.319333
vt 0.203125 0.500000
vt 0.203125 1.000000
vt 0.187500 0.750000
vt 0.539358 0.362590
vt 0.171875 0.500000
vt 0.171875 1.000000
vt 0.156250 0.750000
vt 0.565371 0.401521
vt 0.140625 0.500000
vt 0.140625 1.000000
vt 0.125000 0.750000
vt 0.598479 0.434629
vt 0.109375 0.500000
vt 0.109375 1.000000
vt 0.093750 0.750000
vt 0.637410 0.460642
vt 0.078125 0.500000
vt 0.078125 1.000000
vt 0.062500 0.750000
vt 0.680667 0.478560
vt 0.046875 0.500000
vt 0.046875 1.000000
vt 0.031250 0.750000
vt 0.726589 0.487694
vt 0.015625 0.500000
vt 0.015625 1.000000
vt 0.015625 0.750000
vt 0.046875 0.750000
vt 0.078125 0.750000
vt 0.109375 0.750000
vt 0.140625 0.750000
vt 0.171875 0.750000
vt 0.203125 0.750000
vt 0.234375 0.750000
vt 0.265625 0.750000
vt 0.296875 0.750000
vt 0.328125 0.750000
vt 0.359375 0.750000
vt 0.390625 0.750000
vt 0.421875 0.750000
vt 0.453125 0.750000
vt 0.484375 0.750000
vt 0.515625 0.750000
vt 0.546875 0.750000
vt 0.578125 0.750000
vt 0.609375 0.750000
vt 0.640625 0.750000
vt 0.671875 0.750000
vt 0.703125 0.750000
vt 0.734375 0.750000
vt 0.765625 0.750000
vt 0.796875 0.750000
vt 0.828125 0.750000
vt 0.859375 0.750000
vt 0.890625 0.750000
vt 0.921875 0.750000
vt 0.953125 0.750000
vt 0.984375 0.750000
vt 0.265625 1.000000
vt 0.156250 1.000000
vt 0.796875 1.000000
vt 0.687500 1.000000
vt 0.515625 1.000000
vt 0.406250 1.000000
vt 0.234375 1.000000
vt 0.125000 1.000000
vt 0.937500 1.000000
vt 0.765625 1.000000
vt 0.656250 1.000000
vt 0.484375 1.000000
vt 0.375000 1.000000
vt 0.203125 1.000000
vt 0.093750 1.000000
vt 0.906250 1.000000
vt 0.734375 1.000000
vt 0.625000 1.000000
vt 0.453125 1.000000
vt 0.343750 1.000000
vt 0.984375 1.000000
vt 0.171875 1.000000
vt 0.062500 1.000000
vt 0.875000 1.000000
vt 0.703125 1.000000
vt 0.593750 1.000000
vt 0.421875 1.000000
vt 0.312500 1.000000
vt 0.140625 1.000000
vt 0.031250 1.000000
vt 0.953125 1.000000
vt 0.843750 1.000000
vt 0.671875 1.000000
vt 0.562500 1.000000
vt 0.390625 1.000000
vt 0.281250 1.000000
vt 0.109375 1.000000
vt 0.000000 1.000000
vt 0.921875 1.000000
vt 0.812500 1.000000
vt 0.640625 1.000000
vt 0.531250 1.000000
vt 0.359375 1.000000
vt 0.250000 1.000000
vt 0.078125 1.000000
vt 0.890625 1.000000
vt 0.781250 1.000000
vt 0.609375 1.000000
vt 0.500000 1.000000
vt 0.328125 1.000000
vt 0.218750 1.000000
vt 0.046875 1.000000
vt 0.859375 1.000000
vt 0.750000 1.000000
vt 0.578125 1.000000
vt 0.468750 1.000000
vt 0.296875 1.000000
vt 0.187500 1.000000
vt 0.015625 1.000000
vt 0.828125 1.000000
vt 0.718750 1.000000
vt 0.546875 1.000000
vt 0.437500 1.000000
vt 0.968750 1.000000
s 0
f 706/1002/69 708/1005/69 832/1160/69
f 710/1008/70 711/1009/70 831/1159/70
f 713/1012/71 714/1013/71 830/1158/71
f 716/1016/72 717/1017/72 829/1157/72
f 719/1020/73 720/1021/73 828/1156/73
f 722/1024/74 723/1025/74 827/1155/74
f 725/1028/75 726/1029/75 826/1154/75
f 728/1032/76 729/1033/76 825/1153/76
f 731/1036/77 732/1037/77 824/1152/77
f 734/1040/78 735/1041/78 823/1151/78
f 737/1044/79 738/1045/79 822/1150/79
f 740/1048/80 741/1049/80 821/1149/80
f 743/1052/81 744/1053/81 820/1148/81
f 746/1056/82 747/1057/82 819/1147/82
f 749/1060/83 750/1061/83 818/1146/83
f 752/1064/84 753/1065/84 817/1145/84
f 755/1068/85 756/1069/85 816/1144/85
f 758/1072/86 759/1073/86 815/1143/86
f 761/1076/87 762/1077/87 814/1142/87
f 764/1080/88 765/1081/88 813/1141/88
f 767/1084/89 768/1085/89 812/1140/89
f 770/1088/90 771/1089/90 811/1139/90
f 773/1092/91 774/1093/91 810/1138/91
f 776/1096/92 777/1097/92 809/1137/92
f 779/1100/93 780/1101/93 808/1136/93
f 782/1104/94 783/1105/94 807/1135/94
f 785/1108/95 786/1109/95 806/1134/95
f 788/1112/96 789/1113/96 805/1133/96
f 791/1116/97 792/1117/97 804/1132/97
f 794/1120/98 795/1121/98 803/1131/98
f 776/1096/99 688/975/99 834/1161/99
f 797/1124/100 798/1125/100 802/1130/100
f 800/1128/101 707/1003/101 801/1129/101
f 751/1062/102 775/1094/102 799/1126/102
f 801/1129/101 641/904/101 799/1127/101
f 798/1125/101 799/1127/101 703/998/101
f 704/999/101 801/1129/101 798/1125/101
f 802/1130/100 703/998/100 796/1123/100
f 795/1121/100 796/1123/100 701/995/100
f 702/996/100 802/1130/100 795/1121/100
f 803/1131/98 701/995/98 793/1119/98
f 792/1117/98 793/1119/98 699/992/98
f 700/993/98 803/1131/98 792/1117/98
f 804/1132/97 699/992/97 790/1115/97
f 789/1113/97 790/1115/97 697/989/97
f 698/990/97 804/1132/97 789/1113/97
f 805/1133/96 697/989/96 787/1111/96
f 786/1109/96 787/1111/96 695/986/96
f 696/987/96 805/1133/96 786/1109/96
f 806/1134/95 695/986/95 784/1107/95
f 783/1105/95 784/1107/95 693/983/95
f 694/984/95 806/1134/95 783/1105/95
f 807/1135/94 693/983/94 781/1103/94
f 780/1101/94 781/1103/94 691/980/94
f 692/981/94 807/1135/94 780/1101/94
f 808/1136/93 691/980/93 778/1099/93
f 777/1097/93 778/1099/93 689/977/93
f 690/978/93 808/1136/93 777/1097/93
f 809/1137/92 689/977/92 775/1095/92
f 774/1093/92 775/1095/92 687/974/92
f 688/975/92 809/1137/92 774/1093/92
f 810/1138/91 687/974/91 772/1091/91
f 771/1089/91 772/1091/91 685/971/91
f 686/972/91 810/1138/91 771/1089/91
f 811/1139/90 685/971/90 769/1087/90
f 768/1085/90 769/1087/90 683/968/90
f 684/969/90 811/1139/90 768/1085/90
f 812/1140/89 683/968/89 766/1083/89
f 765/1081/89 766/1083/89 681/965/89
f 682/966/89 812/1140/89 765/1081/89
f 813/1141/88 681/965/88 763/1079/88
f 762/1077/88 763/1079/88 679/962/88
f 680/963/88 813/1141/88 762/1077/88
f 814/1142/87 679/962/87 760/1075/87
f 759/1073/87 760/1075/87 677/959/87
f 678/960/87 814/1142/87 759/1073/87
f 815/1143/86 677/959/86 757/1071/86
f 756/1069/86 757/1071/86 675/956/86
f 676/957/86 815/1143/86 756/1069/86
f 816/1144/85 675/956/85 754/1067/85
f 753/1065/85 754/1067/85 673/953/85
f 674/954/85 816/1144/85 753/1065/85
f 817/1145/84 673/953/84 751/1063/84
f 750/1061/84 751/1063/84 671/950/84
f 672/951/84 817/1145/84 750/1061/84
f 818/1146/83 671/950/83 748/1059/83
f 747/1057/83 748/1059/83 669/947/83
f 670/948/83 818/1146/83 747/1057/83
f 819/1147/82 669/947/82 745/1055/82
f 744/1053/82 745/1055/82 667/944/82
f 668/945/82 819/1147/82 744/1053/82
f 820/1148/81 667/944/81 742/1051/81
f 741/1049/81 742/1051/81 665/941/81
f 666/942/81 820/1148/81 741/1049/81
f 821/1149/80 665/941/80 739/1047/80
f 738/1045/80 739/1047/80 663/938/80
f 664/939/80 821/1149/80 738/1045/80
f 822/1150/79 663/938/79 736/1043/79
f 735/1041/79 736/1043/79 661/935/79
f 662/936/79 822/1150/79 735/1041/79
f 823/1151/78 661/935/78 733/1039/78
f 732/1037/78 733/1039/78 659/932/78
f 660/933/78 823/1151/78 732/1037/78
f 824/1152/77 659/932/77 730/1035/77
f 729/1033/77 730/1035/77 657/929/77
f 658/930/77 824/1152/77 729/1033/77
f 825/1153/76 657/929/76 727/1031/76
f 726/1029/76 727/1031/76 655/926/76
f 656/927/76 825/1153/76 726/1029/76
f 826/1154/75 655/926/75 724/1027/75
f 723/1025/75 724/1027/75 653/923/75
f 654/924/75 826/1154/75 723/1025/75
f 827/1155/74 653/923/74 721/1023/74
f 720/1021/74 721/1023/74 651/920/74
f 652/921/74 827/1155/74 720/1021/74
f 828/1156/73 651/920/73 718/1019/73
f 717/1017/73 718/1019/73 649/917/73
f 650/918/73 828/1156/73 717/1017/73
f 829/1157/72 649/917/72 715/1015/72
f 714/1013/72 715/1015/72 647/914/72
f 648/915/72 829/1157/72 714/1013/72
f 830/1158/71 647/914/71 712/1011/71
f 711/1009/71 712/1011/71 645/911/71
f 646/912/71 830/1158/71 711/1009/71
f 831/1159/70 645/911/70 709/1007/70
f 708/1005/70 709/1007/70 643/908/70
f 644/909/70 831/1159/70 708/1005/70
f 832/1160/69 643/908/69 705/1001/69
f 707/1004/69 705/1001/69 641/902/69
f 642/906/69 832/1160/69 707/1004/69
f 696/987/103 785/1108/103 834/1162/103
f 725/1028/104 654/924/104 834/1163/104
f 662/936/105 734/1040/105 834/1164/105
f 752/1064/106 672/951/106 834/1165/106
f 680/963/107 761/1076/107 834/1166/107
f 779/1100/108 690/978/108 834/1167/108
f 698/990/109 788/1112/109 834/1168/109
f 646/912/110 710/1008/110 834/1169/110
f 728/1032/111 656/927/111 834/1170/111
f 664/939/112 737/1044/112 834/1171/112
f 755/1068/113 674/954/113 834/1172/113
f 682/966/114 764/1080/114 834/1173/114
f 782/1104/115 692/981/115 834/1174/115
f 700/993/116 791/1116/116 834/1175/116
f 648/915/117 713/1012/117 834/1176/117
f 731/1036/118 658/930/118 834/1177/118
f 666/942/119 740/1048/119 834/1178/119
f 758/1072/120 676/957/120 834/1179/120
f 684/969/121 767/1084/121 834/1180/121
f 706/1002/122 642/906/122 834/1181/122
f 785/1108/103 694/984/103 834/1182/103
f 702/996/123 794/1120/123 834/1183/123
f 650/918/124 716/1016/124 834/1184/124
f 734/1040/105 660/933/105 834/1185/105
f 668/945/125 743/1052/125 834/1186/125
f 761/1076/107 678/960/107 834/1187/107
f 686/972/126 770/1088/126 834/1188/126
f 788/1112/109 696/987/109 834/1189/109
f 704/999/127 797/1124/127 834/1190/127
f 710/1008/110 644/909/110 834/1191/110
f 652/921/128 719/1020/128 834/1192/128
f 737/1044/112 662/936/112 834/1193/112
f 670/948/129 746/1056/129 834/1194/129
f 764/1080/114 680/963/114 834/1195/114
f 688/975/130 773/1092/130 834/1196/130
f 791/1116/116 698/990/116 834/1197/116
f 642/905/131 800/1128/131 834/1198/131
f 713/1012/117 646/912/117 834/1199/117
f 654/924/132 722/1024/132 834/1200/132
f 740/1048/119 664/939/119 834/1201/119
f 672/951/133 749/1060/133 834/1202/133
f 767/1084/121 682/966/121 834/1203/121
f 690/978/99 776/1096/99 834/1204/99
f 794/1120/123 700/993/123 834/1205/123
f 716/1016/124 648/915/124 834/1206/124
f 656/927/104 725/1028/104 834/1207/104
f 743/1052/125 666/942/125 834/1208/125
f 674/954/106 752/1064/106 834/1209/106
f 770/1088/126 684/969/126 834/1210/126
f 692/981/108 779/1100/108 834/1211/108
f 797/1124/127 702/996/127 834/1212/127
f 719/1020/128 650/918/128 834/1213/128
f 658/930/111 728/1032/111 834/1214/111
f 746/1056/129 668/945/129 834/1215/129
f 676/957/113 755/1068/113 834/1216/113
f 773/1092/130 686/972/130 834/1217/130
f 694/984/115 782/1104/115 834/1218/115
f 800/1128/131 704/999/131 834/1219/131
f 722/1024/132 652/921/132 834/1220/132
f 660/933/118 731/1036/118 834/1221/118
f 749/1060/133 670/948/133 834/1222/133
f 678/960/120 758/1072/120 834/1223/120
f 644/909/122 706/1002/122 834/1224/122
f 706/1002/69 644/909/69 708/1005/69
f 710/1008/70 646/912/70 711/1009/70
f 713/1012/71 648/915/71 714/1013/71
f 716/1016/72 650/918/72 717/1017/72
f 719/1020/73 652/921/73 720/1021/73
f 722/1024/74 654/924/74 723/1025/74
f 725/1028/75 656/927/75 726/1029/75
f 728/1032/76 658/930/76 729/1033/76
f 731/1036/77 660/933/77 732/1037/77
f 734/1040/78 662/936/78 735/1041/78
f 737/1044/79 664/939/79 738/1045/79
f 740/1048/80 666/942/80 741/1049/80
f 743/1052/81 668/945/81 744/1053/81
f 746/1056/82 670/948/82 747/1057/82
f 749/1060/83 672/951/83 750/1061/83
f 752/1064/84 674/954/84 753/1065/84
f 755/1068/85 676/957/85 756/1069/85
f 758/1072/86 678/960/86 759/1073/86
f 761/1076/87 680/963/87 762/1077/87
f 764/1080/88 682/966/88 765/1081/88
f 767/1084/89 684/969/89 768/1085/89
f 770/1088/90 686/972/90 771/1089/90
f 773/1092/91 688/975/91 774/1093/91
f 776/1096/92 690/978/92 777/1097/92
f 779/1100/93 692/981/93 780/1101/93
f 782/1104/94 694/984/94 783/1105/94
f 785/1108/95 696/987/95 786/1109/95
f 788/1112/96 698/990/96 789/1113/96
f 791/1116/97 700/993/97 792/1117/97
f 794/1120/98 702/996/98 795/1121/98
f 797/1124/100 704/999/100 798/1125/100
f 800/1128/101 642/905/101 707/1003/101
f 799/1126/102 641/903/102 705/1000/102
f 705/1000/102 643/907/102 709/1006/102
f 709/1006/102 645/910/102 712/1010/102
f 712/1010/102 647/913/102 715/1014/102
f 715/1014/102 649/916/102 718/1018/102
f 718/1018/102 651/919/102 721/1022/102
f 721/1022/102 653/922/102 724/1026/102
f 724/1026/102 655/925/102 727/1030/102
f 727/1030/102 657/928/102 730/1034/102
f 730/1034/102 659/931/102 733/1038/102
f 733/1038/102 661/934/102 736/1042/102
f 736/1042/102 663/937/102 739/1046/102
f 739/1046/102 665/940/102 742/1050/102
f 742/1050/102 667/943/102 745/1054/102
f 745/1054/102 669/946/102 748/1058/102
f 748/1058/102 671/949/102 751/1062/102
f 751/1062/102 673/952/102 754/1066/102
f 754/1066/102 675/955/102 757/1070/102
f 757/1070/102 677/958/102 760/1074/102
f 760/1074/102 679/961/102 763/1078/102
f 763/1078/102 681/964/102 766/1082/102
f 766/1082/102 683/967/102 769/1086/102
f 769/1086/102 685/970/102 772/1090/102
f 772/1090/102 687/973/102 775/1094/102
f 775/1094/102 689/976/102 778/1098/102
f 778/1098/102 691/979/102 781/1102/102
f 781/1102/102 693/982/102 784/1106/102
f 784/1106/102 695/985/102 787/1110/102
f 787/1110/102 697/988/102 790/1114/102
f 790/1114/102 699/991/102 793/1118/102
f 793/1118/102 701/994/102 796/1122/102
f 796/1122/102 703/997/102 799/1126/102
f 799/1126/102 705/1000/102 709/1006/102
f 709/1006/102 712/1010/102 715/1014/102
f 715/1014/102 718/1018/102 721/1022/102
f 721/1022/102 724/1026/102 715/1014/102
f 724/1026/102 727/1030/102 715/1014/102
f 727/1030/102 730/1034/102 733/1038/102
f 733/1038/102 736/1042/102 739/1046/102
f 739/1046/102 742/1050/102 745/1054/102
f 745/1054/102 748/1058/102 739/1046/102
f 748/1058/102 751/1062/102 739/1046/102
f 751/1062/102 754/1066/102 757/1070/102
f 757/1070/102 760/1074/102 763/1078/102
f 763/1078/102 766/1082/102 769/1086/102
f 769/1086/102 772/1090/102 763/1078/102
f 772/1090/102 775/1094/102 763/1078/102
f 775/1094/102 778/1098/102 781/1102/102
f 781/1102/102 784/1106/102 787/1110/102
f 787/1110/102 790/1114/102 793/1118/102
f 793/1118/102 796/1122/102 787/1110/102
f 796/1122/102 799/1126/102 787/1110/102
f 799/1126/102 709/1006/102 727/1030/102
f 709/1006/102 715/1014/102 727/1030/102
f 727/1030/102 733/1038/102 751/1062/102
f 733/1038/102 739/1046/102 751/1062/102
f 751/1062/102 757/1070/102 775/1094/102
f 757/1070/102 763/1078/102 775/1094/102
f 775/1094/102 781/1102/102 799/1126/102
f 781/1102/102 787/1110/102 799/1126/102
f 799/1126/102 727/1030/102 751/1062/102
f 801/1129/101 707/1003/101 641/904/101
f 798/1125/101 801/1129/101 799/1127/101
f 704/999/101 800/1128/101 801/1129/101
f 802/1130/100 798/1125/100 703/998/100
f 795/1121/100 802/1130/100 796/1123/100
f 702/996/100 797/1124/100 802/1130/100
f 803/1131/98 795/1121/98 701/995/98
f 792/1117/98 803/1131/98 793/1119/98
f 700/993/98 794/1120/98 803/1131/98
f 804/1132/97 792/1117/97 699/992/97
f 789/1113/97 804/1132/97 790/1115/97
f 698/990/97 791/1116/97 804/1132/97
f 805/1133/96 789/1113/96 697/989/96
f 786/1109/96 805/1133/96 787/1111/96
f 696/987/96 788/1112/96 805/1133/96
f 806/1134/95 786/1109/95 695/986/95
f 783/1105/95 806/1134/95 784/1107/95
f 694/984/95 785/1108/95 806/1134/95
f 807/1135/94 783/1105/94 693/983/94
f 780/1101/94 807/1135/94 781/1103/94
f 692/981/94 782/1104/94 807/1135/94
f 808/1136/93 780/1101/93 691/980/93
f 777/1097/93 808/1136/93 778/1099/93
f 690/978/93 779/1100/93 808/1136/93
f 809/1137/92 777/1097/92 689/977/92
f 774/1093/92 809/1137/92 775/1095/92
f 688/975/92 776/1096/92 809/1137/92
f 810/1138/91 774/1093/91 687/974/91
f 771/1089/91 810/1138/91 772/1091/91
f 686/972/91 773/1092/91 810/1138/91
f 811/1139/90 771/1089/90 685/971/90
f 768/1085/90 811/1139/90 769/1087/90
f 684/969/90 770/1088/90 811/1139/90
f 812/1140/89 768/1085/89 683/968/89
f 765/1081/89 812/1140/89 766/1083/89
f 682/966/89 767/1084/89 812/1140/89
f 813/1141/88 765/1081/88 681/965/88
f 762/1077/88 813/1141/88 763/1079/88
f 680/963/88 764/1080/88 813/1141/88
f 814/1142/87 762/1077/87 679/962/87
f 759/1073/87 814/1142/87 760/1075/87
f 678/960/87 761/1076/87 814/1142/87
f 815/1143/86 759/1073/86 677/959/86
f 756/1069/86 815/1143/86 757/1071/86
f 676/957/86 758/1072/86 815/1143/86
f 816/1144/85 756/1069/85 675/956/85
f 753/1065/85 816/1144/85 754/1067/85
f 674/954/85 755/1068/85 816/1144/85
f 817/1145/84 753/1065/84 673/953/84
f 750/1061/84 817/1145/84 751/1063/84
f 672/951/84 752/1064/84 817/1145/84
f 818/1146/83 750/1061/83 671/950/83
f 747/1057/83 818/1146/83 748/1059/83
f 670/948/83 749/1060/83 818/1146/83
f 819/1147/82 747/1057/82 669/947/82
f 744/1053/82 819/1147/82 745/1055/82
f 668/945/82 746/1056/82 819/1147/82
f 820/1148/81 744/1053/81 667/944/81
f 741/1049/81 820/1148/81 742/1051/81
f 666/942/81 743/1052/81 820/1148/81
f 821/1149/80 741/1049/80 665/941/80
f 738/1045/80 821/1149/80 739/1047/80
f 664/939/80 740/1048/80 821/1149/80
f 822/1150/79 738/1045/79 663/938/79
f 735/1041/79 822/1150/79 736/1043/79
f 662/936/79 737/1044/79 822/1150/79
f 823/1151/78 735/1041/78 661/935/78
f 732/1037/78 823/1151/78 733/1039/78
f 660/933/78 734/1040/78 823/1151/78
f 824/1152/77 732/1037/77 659/932/77
f 729/1033/77 824/1152/77 730/1035/77
f 658/930/77 731/1036/77 824/1152/77
f 825/1153/76 729/1033/76 657/929/76
f 726/1029/76 825/1153/76 727/1031/76
f 656/927/76 728/1032/76 825/1153/76
f 826/1154/75 726/1029/75 655/926/75
f 723/1025/75 826/1154/75 724/1027/75
f 654/924/75 725/1028/75 826/1154/75
f 827/1155/74 723/1025/74 653/923/74
f 720/1021/74 827/1155/74 721/1023/74
f 652/921/74 722/1024/74 827/1155/74
f 828/1156/73 720/1021/73 651/920/73
f 717/1017/73 828/1156/73 718/1019/73
f 650/918/73 719/1020/73 828/1156/73
f 829/1157/72 717/1017/72 649/917/72
f 714/1013/72 829/1157/72 715/1015/72
f 648/915/72 716/1016/72 829/1157/72
f 830/1158/71 714/1013/71 647/914/71
f 711/1009/71 830/1158/71 712/1011/71
f 646/912/71 713/1012/71 830/1158/71
f 831/1159/70 711/1009/70 645/911/70
f 708/1005/70 831/1159/70 709/1007/70
f 644/909/70 710/1008/70 831/1159/70
f 832/1160/69 708/1005/69 643/908/69
f 707/1004/69 832/1160/69 705/1001/69
f 642/906/69 706/1002/69 832/1160/69